Hunt hunt hunt - There For Tomorrow,03:30,There For Tomorrow,Live Session,Rock,35
Love Ain't Enough,02:55,Jacob Banks,FIFA 19 OST,Soundtrack,33
Heaven Only Knows,04:23,Bob Moses,FIFA 19 OST,Soundtrack,30
Don't Delay (ft. Afrie),03:53,CtrlAD,Interrupting The System,Hip-Hop,30
Feels Like Summer,04:57,Childish Gambino,FIFA 19 OST,Soundtrack,29
Violet City,03:34,Mansionair,FIFA 19 OST,Soundtrack,29
Beautiful People,02:39,Andreya Triana,FIFA 19 OST,Soundtrack,27
Grover-Washington-Jr-Just-the-two-of-us_WOuI4OqJfQc,03:57,Unknown Artist,Unknown Album,Unknown Genre,27
X-Ambassadors-BOOM-Official-Video_mXLRy1cNMWs,02:45,Dave Koz,Hello Tommorrow,Jazz,25
Play God,03:47,Sam Fender,FIFA 19 OST,Soundtrack,25
When Will I Know For Sure,04:50,"Dave Koz, Boney James",Collaborations: 25th Anniversary Collection,Jazz,24
Sway,03:31,Tove Styrke,FIFA 19 OST,Soundtrack,24
Here Again,06:46,Elevation Worship,Hallelujah Here Below,,21
Jacob Banks - Chainsmoking (Audio),03:15,JacobBanksVEVO,Jacob Banks - Chainsmoking (Audio),Music,21
Blue Light,03:42,SUN SILVA,FIFA 19 OST,Soundtrack,20
Jammin',04:09,Bob Marley,Chant Down Babylon,Reggae,18
Out The Window,04:25,Confidence Man,FIFA 19 OST,Soundtrack,18
Mirame Bailar,03:51,Kenny G feat Barbara Munoz,Rhythm & Romance,Jazz | Smooth Jazz | Instrumental Jazz | Easy Listening | Saxophone Jazz | Nu Jazz | Jazz Pop | Latin Jazz | Bossa Nova,18
Island Life,03:25,Atomic Drum Assembly,FIFA 19 OST,Soundtrack,17
Here in the Presence,07:06,Elevation Worship,There Is a Cloud,,17
Roots ,03:44,Bob Marley & The Wailers,Exodus (Deluxe Edition) Disc 1,Reggae,16
Another Level,03:03,Crystal Fighters,FIFA 19 OST,Soundtrack,16
Let It Go,03:32,Dave Koz,Collaborations: 25th Anniversary Collection,Jazz,16
All I See Is You,03:55,Dave Koz,Greatest Hits,Jazz,16
Peruvian Nights,06:17,Kenny G,Rhythm & Romance,Jazz | Smooth Jazz | Instrumental Jazz | Easy Listening | Saxophone Jazz | Nu Jazz | Jazz Pop | Latin Jazz | Bossa Nova,16
Get It - There For Tomorrow,04:27,There For Tomorrow,Live Session,Rock,16
Warning Sign,05:02,The Amazons,Future Dust,Rock,15
Kinky Reggae,03:54,Bob Marley,Chant Down Babylon,Reggae,15
Pa'lante,03:08,Lao Ra,FIFA 19 OST,Soundtrack,15
Where I belong,06:52,Switchfoot,Vice Verses,Alternative,15
Work Of Art (ft. Sanyu),04:00,CtrlAD,Interrupting The System,Hip-Hop,14
So Far From Home,06:10,Dave Koz,Dave Koz,Jazz,14
The Older I Get,03:38,Skillet,Comatose,Alternative Rock / Christian Rock,14
29. RDGLDGRN - Double Dutch,03:09,Unknown Artist,NFS Rivals Soundstracks,Unknown Genre,14
Anchor Me (ft. K!mera),04:32,CtrlAD,Interrupting The System,Hip-Hop,13
Destroid 6 Put It Down,03:27,Excision & Bassnectar,NFS Rivals Soundstracks,РўР°РЅС†РµРІР°Р»СЊРЅР°СЏ РјСѓР·С‹РєР°,13
Get Along,03:20,Kenny Chesney,Songs for The Saints,Country,13
Still Alive,03:20,"Red, Red",Gone (Deluxe Edition),Rock,13
SWITCHFOOT Sooner or Later (Live In Studio) 2020,04:10,Switchfoot,SWITCHFOOT Sooner or Later (Live In Studio) 2020,Music,13
Deathbed,03:14,There for Tomorrow,A Little Faster,Pop,13
Dirty Diana,04:41,Unknown Artist,Unknown Album,Unknown Genre,13
Lived a Lie,03:26,"You, Me At Six",Cavalier Youth (Special Edition),Pop-Punk,13
Turn Your Lights Down Low,05:46,Bob Marley,Chant Down Babylon,Reggae,12
Could You Be Loved,03:58,Bob Marley,Legend,General Reggae,12
Go To School (ft. Afrie & Wake),03:40,CtrlAD,Interrupting The System,Hip-Hop,12
"Freedom (ft.Sanyu, Afrie, Kimera, 1Der Jr., Wake)",04:40,CtrlAD,Interrupting The System,Hip-Hop,12
I'm Waiting For You,03:20,Dave Koz,The Dance,Jazz,12
Take My Fire,03:45,Switchfoot,NATIVE TONGUE,Alternative Rock,12
Gold,02:59,Britt Nicole,Gold,Christian & Gospel ,11
Habibi,03:04,Ghali,FIFA 19 OST,Soundtrack,11
05 Poparazzi,03:20,Switchfoot,Learning to Breathe,Rock,11
14. Garmiani - Rumble,04:37,Unknown Artist,NFS Rivals Soundstracks,Blues,11
04 - Kool & the Gang - Funky stuff,03:01,Unknown Artist,Unknown Album,Unknown Genre,11
So Much Trouble In The World,04:00,Bob Marley & The Wailers,One Love: The Very Best Of,Reggae,10
Sun Is Shining,04:58,Bob Marley & The Wailers,One Love: The Very Best Of,Reggae,10
Love Is On The Way (Ft Chris Botti),04:47,Dave Koz,Greatest Hits,Jazz,10
Cheng Fu,04:16,Dave Koz,Masterpiece,,10
Flat Feet,03:51,Dave Koz,Off The Beaten Path,Jazz,10
Find Rest,03:23,Francesca Battistelli,If We're Honest,"Religious, Christian, Pop",10
Look To The Son,04:36,Hillsong Worship,Let There Be Light,,10
The wood that sings of sorrow,05:46,Jimmy Dludlu,Afrocenric,genre,10
Unstoppable,03:41,"Red, Red",Gone (Deluxe Edition),Rock,10
Truth Is,03:08,Stealth,FIFA 19 OST,Soundtrack,10
SWITCHFOOT - Livin' On a Prayer - Cover (Live),02:44,Switchfoot,SWITCHFOOT - Livin' On a Prayer - Cover (Live),Music,10
Shining (Bonus Track),03:41,X Ambassadors,NFS Rivals Soundstracks,Alternative,10
It's Not This (feat. Lemaitre & Josh Pan),03:11,Bearson,FIFA 19 OST,Soundtrack,9
Is This Love,03:52,Bob Marley,Legend,General Reggae,9
Three Little Birds,03:02,Bob Marley,Legend,General Reggae,9
Likes,04:18,Chronixx,Chronology,"Reggae, Pop",9
Right By Your Side,04:06,Dave Koz,The Dance,Jazz,9
Pockets,03:53,Easy Life,FIFA 19 OST,Soundtrack,9
In Your Presence,05:00,Elevation Worship,Nothing Is Wasted,,9
Glory is Yours,04:17,Elevation Worship,Only King Forever,,9
I Will Look Up,06:02,Elevation Worship,Only King Forever,,9
Everytime I Run,02:34,"Husky Loops feat. MEI, Count Counsellor",FIFA 19 OST,Soundtrack,9
The World's Greatest,04:38,R. Kelly - Topic,The World's Greatest,Music,9
Hello Hurricane,04:04,Switchfoot,Hello Hurricane,Alternative & Punk,9
Easier Than Love,04:29,Switchfoot,Nothing Is Sound,Alternative,9
The Remedy,03:36,There for Tomorrow,A Little Faster,Pop,9
The Invitation (Intro),00:59,Thousand Foot Krutch,Welcome To The Masquerade,Alt. Rock,9
Every where I go,04:47,Unknown Artist,Unknown Album,Unknown Genre,9
Jackie Chan,03:02,Bantu & Dr. Chaii,FIFA 19 OST,Soundtrack,8
Lights Out (ft. Sanyu),03:47,CtrlAD,Interrupting The System,Hip-Hop,8
Jesus I Come (Live),05:52,Elevation Worship,Raised to Life EP,,8
In Control,05:08,Hillsong Worship,Let There Be Light,,8
Yesterday,03:01,Kenny G,I'm In The Mood For Love : The Most Romantic Melodies Of All Time,Jazz | Smooth Jazz | Instrumental Jazz | Easy Listening | Saxophone Jazz | Nu Jazz | Jazz Pop | Latin Jazz | Bossa Nova,8
Fall Again,04:15,Kenny G feat Robin Thicke,Heart And Soul,Jazz | Smooth Jazz | Instrumental Jazz | Easy Listening | Saxophone Jazz | Nu Jazz | Jazz Pop | Latin Jazz | Bossa Nova,8
Lightning,03:55,Octavian,FIFA 19 OST,Soundtrack,8
A.I.,04:11,"Red, Red",Gone (Deluxe Edition),Rock,8
The Resistance,03:52,Skillet,Unleashed Beyond (Special Edition),Alternative Rock / Christian Rock,8
01 Meant To Live,03:21,Switchfoot,The Beautiful Letdown,Rock,8
07 - Awakening,04:12,Switchfoot,The Best Yet,Rock,8
Politicians,03:29,Switchfoot,Nothing Is Sound,Alternative,8
Waiting,03:46,There for Tomorrow,There for Tomorrow,Rock,8
Quicken,02:51,Thousand Foot Krutch,Phenomenon,Alt. Rock,8
Rachel Namubiru - Nzize,04:30,Unknown Artist,Unknown Album,Unknown Genre,8
Casting Crowns - Nobody (Official Music Video) ft. Matthew West,03:52,CastingCrownsVEVO,Casting Crowns - Nobody (Official Music Video) ft. Matthew West,Music,7
The-Jimi-Hendrix-Experience-Hey-Joe-Audio_rXwMrBb2x1Q,03:47,Dave Koz,Hello Tommorrow,Jazz,7
This Guy's In Love With You,04:55,"Dave Koz, Herb Alpert",Collaborations: 25th Anniversary Collection,Jazz,7
Do It Again,06:39,Elevation Worship,There Is a Cloud,,7
Yours (Glory and Praise),07:31,Elevation Worship,There Is a Cloud,,7
05. Baby Boy (Live),03:43,for King & Country,Into The Silent Night EP,,7
Gentle Rain,06:15,Jimmy Dludlu,Tonota,Jazz,7
Beat 54 (All Good Now),04:07,Jungle,FIFA 19 OST,Soundtrack,7
Walking Shoes,04:00,Mali Music,Mali Is,R&B,7
Feed the Machine,05:11,Red,Until We Have Faces,Rock,7
Let It Burn,04:58,Red,Until We Have Faces,Rock,7
I Get Wicked,03:34,Thousand Foot Krutch,The End Is Where We Begin,Alternative Rock / Rapcore,7
E For Extinction,03:52,Thousand Foot Krutch,Welcome To The Masquerade,Alt. Rock,7
Kankutwale Milege Band Uganda Demo 2010,04:49,Unknown Artist,Unknown Album,,7
Michael Jackson - Man In The Mirror (Official Video) - YouTube,05:04,Unknown Artist,Unknown Album,Unknown Genre,7
Johnny Was,04:19,Bob Marley,Chant Down Babylon,Reggae,6
City Looks Pretty,04:42,Courtney Barnett,FIFA 19 OST,Soundtrack,6
Honey Dipped (Ft Norman Brown),04:24,Dave Koz,Greatest Hits,Jazz,6
And Then I Knew,05:19,Dave Koz,Greatest Hits,Jazz,6
01 - Put the Top Down,05:01,Dave Koz,Hello Tommorrow,Jazz,6
02 - When Will I Know For Sure,04:53,Dave Koz,Hello Tommorrow,Jazz,6
07 - There's a Better Way,04:34,Dave Koz,Hello Tommorrow,Jazz,6
Wake Up Call,04:43,Dave Koz,Off The Beaten Path,Jazz,6
Got To Get You Into My Life,05:38,Dave Koz And Friends,Summer Horns,Jazz,6
You Haven't Done Nothin',03:47,Dave Koz And Friends,Summer Horns,Jazz,6
Only King Forever,04:58,Elevation Worship,Only King Forever,,6
Grace So Glorious,06:48,Elevation Worship,Only King Forever,,6
Raised to Life,07:28,Elevation Worship,Only King Forever,,6
I Love You Lord,05:24,Elevation Worship,Wake Up The Wonder,,6
God Only Knows,03:50,for King & Country,Burn The Ships,,6
From The Inside Out,06:19,Hillsong United,United We Stand,Religious,6
Cape After Midnight,06:18,Jimmy Dludlu,Essence Of Rythm,African Jazz,6
"John Denver - Take Me Home, Country Roads (Audio)",03:18,JohnDenverVEVO,"John Denver - Take Me Home, Country Roads (Audio)",Music,6
Make It,03:27,Mali Music,Mali Is,R&B,6
"Step Inside, the Violence",03:04,"Red, Red",Gone (Deluxe Edition),Rock,6
06 Innocence Again,03:28,Switchfoot,Learning to Breathe,Rock,6
Float,04:13,Switchfoot,Where the Light Shines Through,Alternative Rock/Christian Rock,6
I Won’t Let You Go,04:47,Switchfoot,Where the Light Shines Through,Alternative Rock/Christian Rock,6
Alaine - Hello (Adele Reggae Cover),04:51,AlaineVEVO,Alaine - Hello (Adele Reggae Cover),Music,5
Aloe Blacc - The Man (Official Lyric Video),04:16,Aloe Blacc,Aloe Blacc - The Man (Official Lyric Video),Music,5
Peach,04:15,Broods,FIFA 19 OST,Soundtrack,5
City On the Hill,04:10,Casting Crowns,Come To The Well,Gospel,5
Endless Summer Nights,05:02,Dave Koz,Dave Koz,Jazz,5
Follow Me Home,05:45,Dave Koz,Off The Beaten Path,Jazz,5
Awakenings,03:35,Dave Koz,Off The Beaten Path,Jazz,5
I Can't Belive,05:46,Elevation Worship,Here As In Heaven,,5
Greater,06:21,Elevation Worship,Nothing Is Wasted,,5
Fullness,06:42,Elevation Worship,There Is a Cloud,,5
Middle of Your Heart,03:22,for King & Country,Crave,,5
Behind The Scenes,04:09,Francesca Battistelli,My Paper Heart,Rock,5
River of lost Dreams,05:07,Jimmy Dludlu,Afrocenric,genre,5
Iyoni Iyaphapha,05:17,Jimmy Dludlu,Afrocenric,genre,5
Walk of Life,04:35,Jimmy Dludlu,Afrocenric,genre,5
Shamaka's Burg,04:34,Jimmy Dludlu,Tonota,Jazz,5
Mabasa,07:15,Oliver Mtukudzi,Tuku Music,World,5
Darkest Part,04:03,Red,Of Beauty And Rage,Alternative,5
Dead Inside (Bonus Track),02:57,Skillet,Awake (Deluxe Edition),Alternative Rock / Christian Rock,5
11 Twenty-Four,04:52,Switchfoot,The Beautiful Letdown,Rock,5
Wonderful Feeling,04:06,Switchfoot,NATIVE TONGUE,Alternative Rock,5
Daisy,04:19,Switchfoot,Nothing Is Sound,Alternative,5
Awakening,04:09,Switchfoot,Oh! Gravity.,Post-Grunge Alternative Rock,5
The Original,03:15,Switchfoot,Vice Verses,Alternative,5
The Road I'm On,03:59,3 Doors Dowm,3 Doors Down,Rock,5
Mother,04:46,The Amazons,Future Dust,Rock,4
Doubt It,04:51,The Amazons,Future Dust,Rock,4
Take It Easy,03:13,"BC Unidos feat. U.S. Girls, Ledinsky",FIFA 19 OST,Soundtrack,4
If...,03:45,Beautiful Eulogy,Worthy,Hip Hop/Rap,4
Buffalo Soldier,04:19,Bob Marley,Legend,General Reggae,4
Iron Lion Zion,03:12,Bob Marley & The Wailers,One Love: The Very Best Of,Reggae,4
Jamming,03:35,Bob Marley & The Wailers,One Love: The Very Best Of,Reggae,4
Ghetto Paradise,03:47,Chronixx,Chronology,"Reggae, Pop",4
Emily,05:31,Dave Koz,Dave Koz,Jazz,4
Faces Of The Heart,03:42,Dave Koz,Greatest Hits,Jazz,4
03 - It's Always Been You,03:57,Dave Koz,Hello Tommorrow,Jazz,4
10 - The Journey,05:55,Dave Koz,Hello Tommorrow,Jazz,4
Lucky Man,03:26,Dave Koz,Lucky Man,Jazz,4
R. Kelly - Gotham city,04:59,EclosionFruitee,R. Kelly - Gotham city,Music,4
In Your Presence (Live),06:15,Elevation Worship,Nothing Is Wasted,,4
Unstoppable God,04:22,Elevation Worship,Wake Up The Wonder,,4
Need You More,03:37,for King & Country,Burn The Ships,,4
Light It Up,03:32,for King & Country,Crave,,4
13 - It's Not Over Yet,04:00,for King & Country,RUN WILD. LIVE FREE. LOVE STRONG.,,4
The Christmas Song,02:16,Francesca Battistelli,Christmas,Pop,4
Heaven Everywhere,03:28,Francesca Battistelli,Christmas,Pop,4
When The Crazy Kicks In,02:59,Francesca Battistelli,If We're Honest,"Religious, Christian, Pop",4
Running,04:04,Hillsong Live,Cornerstone,Gospel,4
Take It All,03:08,Hillsong United,United We Stand,Religious,4
Make Those Move,03:11,I Am Legion,NFS Rivals Soundstracks,Other,4
Afrocenric,04:32,Jimmy Dludlu,Afrocenric,genre,4
I wish I knew,05:25,Jimmy Dludlu,Afrocenric,genre,4
Peaceful Moment,07:36,Jimmy Dludlu,Afrocenric,genre,4
Basil goes to Church,05:50,Jimmy Dludlu,Afrocenric,genre,4
Mdantsane,06:37,Jimmy Dludlu,Afrocenric,genre,4
Mr Mokoena,05:26,Jimmy Dludlu,Essence Of Rythm,African Jazz,4
Blues for Haiti,04:34,Jimmy Dludlu,Tonota,Jazz,4
Better Days Ahead,05:19,Jimmy Dludlu,Tonota,Jazz,4
Tango,05:28,Kenny G,Rhythm & Romance,Jazz | Smooth Jazz | Instrumental Jazz | Easy Listening | Saxophone Jazz | Nu Jazz | Jazz Pop | Latin Jazz | Bossa Nova,4
Only Hope,03:53,Mandy Moore,The Best of Mandy Moore Disc 1,Pop,4
We Were There,06:49,Marcus Miller,Afrodeezia,Jazz,4
A Man Is Still A man,04:12,Morgan Heritage,The Best Of Morgan Heritage,Reggae,4
Positive - Scars Ft V. Rose,03:01,mp3lio.com,mp3lio.com,mp3lio.com,4
Falling Sky,05:26,Red,Of Beauty And Rage,Alternative,4
Fracture,03:09,"Red, Red",Gone (Deluxe Edition),Rock,4
Those Nights,03:47,Skillet,Comatose,Alternative Rock / Christian Rock,4
Falling Inside The Black,03:30,Skillet,Comatose,Alternative Rock / Christian Rock,4
One Heartbeat At A Time,04:05,Steven Curtis Chapman,This Moment,Rock,4
02 This Is Your Life,04:18,Switchfoot,The Beautiful Letdown,Rock,4
07 The Beautiful Letdown,05:21,Switchfoot,The Beautiful Letdown,Pop,4
09 - On Fire,04:41,Switchfoot,The Best Yet,Rock,4
Slipping Away,03:35,Switchfoot,Fading West,Alternative Rock / Christian Rock,4
03 You Already Take Me There,02:43,Switchfoot,Learning to Breathe,Rock,4
Happy Is A Yuppie Word,04:51,Switchfoot,Nothing Is Sound,Alternative,4
Dark Horses,03:54,Switchfoot,Vice Verses,Alternative,4
Vice Verse,05:08,Switchfoot,Vice Verses,Alternative,4
Healer of Souls,03:47,Switchfoot,Where the Light Shines Through,Alternative Rock/Christian Rock,4
Welcome To The Masquerade,03:42,Thousand Foot Krutch,Welcome To The Masquerade,Alt. Rock,4
Bring Me To Life,03:37,Thousand Foot Krutch,Welcome To The Masquerade,Alt. Rock,4
Outta Control,03:28,Thousand Foot Krutch,Welcome To The Masquerade,Alt. Rock,4
Smack Down,03:22,Thousand Foot Krutch,Welcome To The Masquerade,Alt. Rock,4
Todii,04:55,Unknown Artist,Unknown Album,Unknown Genre,4
03 - Kool & the Gang - Joanna,04:19,Unknown Artist,Unknown Album,Unknown Genre,4
06 - Kool & the Gang - Too hot,04:54,Unknown Artist,Unknown Album,Unknown Genre,4
Green Day - Wake Me Up When September Ends - [HQ],04:46,,,,4
I Hear Her Playing Music,04:10,"Barry Manilow, Dave Koz",Collaborations: 25th Anniversary Collection,Jazz,3
Lively Up Yourself,05:11,Bob Marley & The Wailers,One Love: The Very Best Of,Reggae,3
Africa Unite,02:56,Bob Marley & the Wailers,Survival,Reggae,3
Starts With Goodbye,04:07,Carrie Underwood,Some Hearts,Country,3
who am i,05:36,Casting Crowns,Who Am I,Christian Rock,3
extravagant love,03:53,Casting Crowns,Who Am I,Christian Rock,3
Spanish Town Rockin',03:24,Chronixx,Chronology,"Reggae, Pop",3
Your Love,05:01,The Collective UG,Sold Out,,3
TUR 1.2,02:03,The Collective UG,Sold Out,,3
Minerals,03:23,Congorock and Nom De Strip,NFS Rivals Soundstracks,Soundtrack,3
Don't Give Up,04:01,Dave Koz,The Dance,Jazz,3
Castle Of Dreams,05:00,Dave Koz,Greatest Hits,Jazz,3
Livin-On-A-Prayer_YBdyc1WDlBQ,04:10,Dave Koz,Hello Tommorrow,Jazz,3
04 - Getaway,04:46,Dave Koz,Hello Tommorrow,Jazz,3
09 - Think Big,05:00,Dave Koz,Hello Tommorrow,Jazz,3
Wait A Little While,05:40,Dave Koz,Lucky Man,Jazz,3
Saxophonic,05:05,Dave Koz,Masterpiece,,3
Love Changes Everything,04:01,Dave Koz,Masterpiece,,3
Brahm's Lullaby,03:11,Dave Koz,Masterpiece,,3
I'm Waiting For  You,03:22,Dave Koz,Masterpiece,,3
Somewhere Over The Rainbow,03:04,Dave Koz,Masterpiece,,3
K`naan & David Bisbal Wavin' Flag Video (Spanglish),03:55,David Bisbal,K`naan & David Bisbal Wavin' Flag Video (Spanglish),Music,3
Worthy,06:12,Elevation Worship,Hallelujah Here Below,,3
02. Baby Boy,03:40,for King & Country,Into The Silent Night EP,,3
02 - Prelude (Fix My Eyes),00:39,for King & Country,RUN WILD. LIVE FREE. LOVE STRONG.,,3
03 - Fix My Eyes,03:35,for King & Country,RUN WILD. LIVE FREE. LOVE STRONG.,,3
08 - Long Live,03:53,for King & Country,RUN WILD. LIVE FREE. LOVE STRONG.,,3
Christmas Is,02:30,Francesca Battistelli,Christmas,Pop,3
Have Yourself A Merry Little Christmas,03:03,Francesca Battistelli,Christmas,Pop,3
"Go, Tell It On The Mountain",03:02,Francesca Battistelli,Christmas,Pop,3
This Is the Stuff,03:04,Francesca Battistelli,Hundred More Years (Deluxe Version),Christian & Gospel,3
Angel By Your Side,03:30,Francesca Battistelli,Hundred More Years (Deluxe Version),Christian & Gospel,3
So Long,02:58,Francesca Battistelli,Hundred More Years (Deluxe Version),Christian & Gospel,3
Something More (Bonus Track),03:25,Francesca Battistelli,Hundred More Years (Deluxe Version),Christian & Gospel,3
Write Your Story,03:24,Francesca Battistelli,If We're Honest,"Religious, Christian, Pop",3
He Knows My Name,03:27,Francesca Battistelli,If We're Honest,"Religious, Christian, Pop",3
Choose To Love,02:49,Francesca Battistelli,If We're Honest,"Religious, Christian, Pop",3
Keeping Score,03:01,Francesca Battistelli,If We're Honest,"Religious, Christian, Pop",3
Just The Same,04:14,Francesca Battistelli,If We're Honest,"Religious, Christian, Pop",3
It's Your Life,02:52,Francesca Battistelli,My Paper Heart,Rock,3
Open My Eyes,04:02,Hillsong Live,A Beautiful Exchange,,3
Beneath The Waters (I Will Rise),05:14,Hillsong Live,Cornerstone,Gospel,3
Came To The Rescue,04:59,Hillsong United,United We Stand,Religious,3
** (A Reprise),02:52,Hillsong United,United We Stand,Religious,3
Love So Great,05:19,Hillsong Worship,Let There Be Light,,3
Common Dialogue,04:59,Jimmy Dludlu,Afrocenric,genre,3
Makonde (prelude),01:49,Jimmy Dludlu,Essence Of Rythm,African Jazz,3
So Close Yet So Far Away,07:37,Jimmy Dludlu,Essence Of Rythm,African Jazz,3
Point Of View,04:41,Jimmy Dludlu,Essence Of Rythm,African Jazz,3
Wish You Were Here,06:05,Jimmy Dludlu,Essence Of Rythm,African Jazz,3
Saudades,04:38,Jimmy Dludlu,Essence Of Rythm,African Jazz,3
A Level,05:31,Jimmy Dludlu,Essence Of Rythm,African Jazz,3
Hard Knocks,05:26,Jimmy Dludlu,Essence Of Rythm,African Jazz,3
Porro Maracatu (Toy Selectah Remix),03:02,LADAMA,FIFA 19 OST,Soundtrack,3
Trip Trap,06:59,"Marcus Miller, Marquis Hill, Alex Han, Brett Williams, Alex Bailey, Russell Gunn",Laid Black,Jazz,3
Thats What Love Is For- Amy Grant - (mp3evo.com),04:19,Mp3Evo.com,mp3lio.com,mp3lio.com,3
Set it all free lyrics ~ Scarlett Johnsson,03:34,Nirza Vids,Set it all free lyrics ~ Scarlett Johnsson,Music,3
Consistent,03:02,No,FIFA 19 OST,Soundtrack,3
Kuropodza,06:33,Oliver Mtukudzi,Tsimba Itsoka,World,3
Mhinduro,05:35,Oliver Mtukudzi,Tsimba Itsoka,World,3
The Outside,03:14,Red,Until We Have Faces,Rock,3
Who We Are,03:54,Red,Until We Have Faces,Rock,3
Losing Control,04:11,"Red, Red",Gone (Deluxe Edition),Rock,3
Gone,03:39,"Red, Red",Gone (Deluxe Edition),Rock,3
Singularity,05:11,"Red, Red",Gone (Deluxe Edition),Rock,3
Hero,03:07,Skillet,Awake (Deluxe Edition),Alternative Rock / Christian Rock,3
The Last Night,03:32,Skillet,Comatose,Alternative Rock / Christian Rock,3
Yours To Hold,03:43,Skillet,Comatose,Alternative Rock / Christian Rock,3
Looking For Angels,04:31,Skillet,Comatose,Alternative Rock / Christian Rock,3
Back From The Dead,03:34,Skillet,Unleashed Beyond (Special Edition),Alternative Rock / Christian Rock,3
11 - Dirty Second Hands,03:18,Switchfoot,The Best Yet,Rock,3
18 - The Beautiful Letdown,05:20,Switchfoot,The Best Yet,Rock,3
BA55,04:41,Switchfoot,Fading West,Alternative Rock / Christian Rock,3
Free,04:03,Switchfoot,Hello Hurricane,Alternative & Punk,3
Bullet Soul,03:24,Switchfoot,Hello Hurricane,Alternative & Punk,3
04 Love Is the Movement,05:10,Switchfoot,Learning to Breathe,Rock,3
Let That Be Enough,02:39,Switchfoot,New Way to Be Human,Alternative,3
Stars,04:20,Switchfoot,Nothing Is Sound,Alternative,3
Head Over Heels (In This Life),03:41,Switchfoot,Oh! Gravity.,Post-Grunge Alternative Rock,3
Blinding Light,04:17,Switchfoot,Vice Verses,Alternative,3
Selling The News,03:35,Switchfoot,Vice Verses,Alternative,3
Holy Water,03:47,Switchfoot,Where the Light Shines Through,Alternative Rock/Christian Rock,3
Where the Light Shines Through,04:25,Switchfoot,Where the Light Shines Through,Alternative Rock/Christian Rock,3
Sore Winner,03:31,There for Tomorrow,A Little Faster,Pop,3
Deadlines,03:21,There for Tomorrow,There for Tomorrow,Rock,3
War Of Change,03:52,Thousand Foot Krutch,The End Is Where We Begin,Alternative Rock / Rapcore,3
The Flame In All Of Us,03:22,Thousand Foot Krutch,The Flame In All Of Us,Alt. Rock,3
Fire It Up,03:08,Thousand Foot Krutch,Welcome To The Masquerade,Alt. Rock,3
Watching Over Me,04:19,Thousand Foot Krutch,Welcome To The Masquerade,Alt. Rock,3
The Part That Hurts The Most (Is Me),03:59,Thousand Foot Krutch,Welcome To The Masquerade,Alt. Rock,3
Already Home,04:31,Thousand Foot Krutch,Welcome To The Masquerade,Alt. Rock,3
"Good To Be Home (feat. Loyle Carner, Barney Artist, Rebel Kleff)",04:22,Tom Misch,FIFA 19 OST,Soundtrack,3
04. Brick + Mortar- Locked In A Cage,03:18,Unknown Artist,NFS Rivals Soundstracks,Unknown Genre,3
King James - Yantumye (OFFICIAL AUDIO 2014),04:48,Unknown Artist,Unknown Album,Unknown Genre,3
We Will Worship // Like Oil,07:07,,youtube.com/watch?v=YWrUjhMsUb8,,3
Track 12,06:08,artist,album,genre,2
You should see me in a crown,03:01,Billie Eilish,FIFA 19 OST,Soundtrack,2
Redemption Song,03:48,Bob Marley,Legend,General Reggae,2
Jamming,03:34,Bob Marley,Legend,General Reggae,2
Turn Your Lights Down Low,03:39,Bob Marley & The Wailers,One Love: The Very Best Of,Reggae,2
EASY SKANKING,02:59,Bob Marley and the Wailers,Kaya (Remastered),Reggae,2
The Lost Get Found,03:25,Britt Nicole,The Lost Get Found,Pop,2
"Jesus, Take The Wheel",03:47,Carrie Underwood,Some Hearts,Country,2
Lessons Learned,04:10,Carrie Underwood,Some Hearts,Country,2
Before He Cheats,03:20,Carrie Underwood,Some Hearts,Country,2
I Just Can't Live A Lie,04:00,Carrie Underwood,Some Hearts,Country,2
So Far to Find You,05:00,Casting Crowns,Come To The Well,Gospel,2
'Tis So Sweet to Trust In Jesus,03:17,Casting Crowns ,Glorious Day - Hymns Of Faith,Gospel,2
I Can,04:29,Chronixx,Chronology,"Reggae, Pop",2
Tell Me Now,04:42,Chronixx,Chronology,"Reggae, Pop",2
Able To Save,04:41,The Collective UG,Illuminate EP,,2
Endless Champion,05:31,The Collective UG,In & Out,,2
X Dimension,04:48,The Collective UG,Sold Out,,2
Together Again,04:15,Dave Koz,The Dance,Jazz,2
Love Is On The Way,04:47,Dave Koz,The Dance,Jazz,2
Know You By Heart,03:40,Dave Koz,The Dance,Jazz,2
Cuban Hideaway,02:15,Dave Koz,The Dance,Jazz,2
If Love Is All We Have,04:28,Dave Koz,Dave Koz,Jazz,2
Yesterday's Rain,05:52,Dave Koz,Dave Koz,Jazz,2
You Make Me Smile,04:18,Dave Koz,Greatest Hits,Jazz,2
Can't Let You Go (Ft Luther Vandross),04:17,Dave Koz,Greatest Hits,Jazz,2
Emily-,05:07,Dave Koz,Greatest Hits,Jazz,2
Bada Bing (Ft Jeff Golub),04:48,Dave Koz,Greatest Hits,Jazz,2
Peter-Cetera-One-Clear-Voice_uz2JrfbDpao,03:53,Dave Koz,Hello Tommorrow,Jazz,2
05 - This Guy's in Love With You,04:56,Dave Koz,Hello Tommorrow,Jazz,2
06 - Anything's Possible,04:05,Dave Koz,Hello Tommorrow,Jazz,2
Silverlining,05:16,Dave Koz,Lucky Man,Jazz,2
Golden Slumbers,04:11,Dave Koz,Masterpiece,,2
A View From Above,04:54,Dave Koz,Masterpiece,,2
I'm Ready,04:37,Dave Koz,Off The Beaten Path,Jazz,2
Lullaby For A Rainy Night,04:56,Dave Koz,Off The Beaten Path,Jazz,2
That's The Way I Feel About You,04:42,Dave Koz,Off The Beaten Path,Jazz,2
Always There,04:06,Dave Koz And Friends,Summer Horns,Jazz,2
Hot Fun In The Summertime,04:28,Dave Koz And Friends,Summer Horns,Jazz,2
25 Or 6 To 4,04:48,Dave Koz And Friends,Summer Horns,Jazz,2
I Got You (I Feel Good),04:17,Dave Koz And Friends,Summer Horns,Jazz,2
God Bless The Child,05:58,Dave Koz And Friends,Summer Horns,Jazz,2
Summer Horns,03:58,Dave Koz And Friends,Summer Horns,Jazz,2
Think Big,04:58,"Dave Koz, Brian Culbertson, Christian Scott, Keb'Mo', Marcus Miller",Collaborations: 25th Anniversary Collection,Jazz,2
Start All Over Again,04:32,"Dave Koz, Dana Glover",Collaborations: 25th Anniversary Collection,Jazz,2
So Very Hard To Go,04:36,"Dave Koz, Michael McDonald, Gerald Albright, Mindi Abair, Richard Elliot",Collaborations: 25th Anniversary Collection,Jazz,2
Linus And Lucy,04:03,"David Benoit, Dave Koz",Collaborations: 25th Anniversary Collection,Jazz,2
Gold Rush,04:00,Death Cab for Cutie,FIFA 19 OST,Soundtrack,2
Exalted One,04:51,Elevation Worship,For The Honor: CD1 Deluxe Edition,,2
The Church,04:59,Elevation Worship,For The Honor: CD1 Deluxe Edition,,2
Give Me Faith,05:07,Elevation Worship,For The Honor: CD2 Deluxe Edition,,2
Greater Than Your Love,04:45,Elevation Worship,Hallelujah Here Below,,2
Still God,04:27,Elevation Worship,Hallelujah Here Below,,2
Grace Like A Wave,04:44,Elevation Worship,Here As In Heaven,,2
I Will Trust In You (Live),06:48,Elevation Worship,Nothing Is Wasted,,2
I Have Decided (Live),07:15,Elevation Worship,Nothing Is Wasted,,2
Mighty Warrior,04:58,Elevation Worship,Only King Forever,,2
Great Things (Worth It All),04:55,Elevation Worship,Wake Up The Wonder,,2
Let Us Adore,04:12,Elevation Worship,Wake Up The Wonder,,2
Busted Heart (Hold on to Me),03:19,for King & Country,Crave,,2
People Change,03:54,for King & Country,Crave,,2
Crave,04:26,for King & Country,Crave,,2
Busted Heart (Hold On To Me),03:29,for King & Country,Hope Is What We CRAVE,,2
Baby Boy,03:43,for King & Country,Hope Is What We CRAVE,,2
01 - Run Wild. (feat. Andy Mineo),04:01,for King & Country,RUN WILD. LIVE FREE. LOVE STRONG.,,2
04 - To The Dreamers,03:34,for King & Country,RUN WILD. LIVE FREE. LOVE STRONG.,,2
11 - This Is Love,04:23,for King & Country,RUN WILD. LIVE FREE. LOVE STRONG.,,2
Christmas Dreams,03:38,Francesca Battistelli,Christmas,Pop,2
Constant,03:14,Francesca Battistelli,Hundred More Years (Deluxe Version),Christian & Gospel,2
You Never Are,03:18,Francesca Battistelli,Hundred More Years (Deluxe Version),Christian & Gospel,2
Emily (It's Love) [feat. Dave Barnes],03:20,Francesca Battistelli,Hundred More Years (Deluxe Version),Christian & Gospel,2
Don't Miss It,03:25,Francesca Battistelli,Hundred More Years (Deluxe Version),Christian & Gospel,2
Worth It,03:46,Francesca Battistelli,Hundred More Years (Deluxe Version),Christian & Gospel,2
Hundred More Years,03:43,Francesca Battistelli,Hundred More Years (Deluxe Version),Christian & Gospel,2
Unusual,02:44,Francesca Battistelli,If We're Honest,"Religious, Christian, Pop",2
Run To Jesus,03:21,Francesca Battistelli,If We're Honest,"Religious, Christian, Pop",2
Hands Of God (Featuring Matt Hammit),03:43,Francesca Battistelli,If We're Honest,"Religious, Christian, Pop",2
We Are The Kingdom,03:43,Francesca Battistelli,If We're Honest,"Religious, Christian, Pop",2
Tonight (Featuring All Sons & Daughters),03:00,Francesca Battistelli,If We're Honest,"Religious, Christian, Pop",2
I'm Letting Go,02:53,Francesca Battistelli,My Paper Heart,Rock,2
Unpredictable,02:59,Francesca Battistelli,My Paper Heart,Rock,2
Blue Sky,03:55,Francesca Battistelli,My Paper Heart,Rock,2
Time In Between,03:25,Francesca Battistelli,My Paper Heart,Rock,2
Our God Is Love,04:04,Hillsong Live,A Beautiful Exchange,,2
The One Who Saves,06:24,Hillsong Live,A Beautiful Exchange,,2
The Father's Heart,06:05,Hillsong Live,A Beautiful Exchange,,2
Love Knows No End,05:19,Hillsong Live,Cornerstone,Gospel,2
The First And The Last,05:01,Hillsong Live,Faith + Hope + Love,Religious,2
No Reason To Hide,03:43,Hillsong Live,Faith + Hope + Love,Religious,2
None But Jesus,05:29,Hillsong United,United We Stand,Religious,2
*** (Selah),01:43,Hillsong United,United We Stand,Religious,2
Fire Fall Down,10:51,Hillsong United,United We Stand,Religious,2
Revolution,03:44,Hillsong United,United We Stand,Religious,2
Kingdom Come,04:59,Hillsong United,United We Stand,Religious,2
No-One Like You,02:37,Hillsong United,United We Stand,Religious,2
Sovereign Hands,05:14,Hillsong United,United We Stand,Religious,2
The Stand,06:51,Hillsong United,United We Stand,Religious,2
Hallelujah,03:45,Hillsong United,United We Stand,Religious,2
Crowns,04:58,Hillsong Worship,Let There Be Light,,2
Grace To Grace,07:06,Hillsong Worship,Let There Be Light,,2
Elohim (Acoustic),06:49,Hillsong Worship,Let There Be Light,,2
I Am Not Forgotten,06:00,Israel Houghton,New Season,Gospel,2
Simone,05:19,Jimmy Dludlu,Afrocenric,genre,2
Third World,04:59,Jimmy Dludlu,Essence Of Rythm,African Jazz,2
The Value of a Woman's Life,03:45,Jimmy Dludlu,Tonota,Jazz,2
Baby Found in the Park,06:31,Jimmy Dludlu,Tonota,Jazz,2
Shisa Nyama,04:40,Jimmy Dludlu,Tonota,Jazz,2
Slow Down - www.itsretunes.com,04:07,K!MERA ,,,2
Love For Love City (feat. Ziggy Marley),03:49,Kenny Chesney,Songs for The Saints,Country,2
Salsa Kenny,05:17,Kenny G,Rhythm & Romance,Jazz | Smooth Jazz | Instrumental Jazz | Easy Listening | Saxophone Jazz | Nu Jazz | Jazz Pop | Latin Jazz | Bossa Nova,2
Gwe Wange,03:36,Kimera Sam,,,2
Water Dancer,07:28,Marcus Miller,Afrodeezia,Jazz,2
I Can't Breathe [feat. Mocean Worker],05:09,Marcus Miller,Afrodeezia,Jazz,2
Dont Haffi Dread,03:57,Morgan Heritage,The Best Of Morgan Heritage,Reggae,2
Angels and Heroes- Brian Littrell,03:41,mp3lio.com,mp3lio.com,mp3lio.com,2
Barlow Girl - Never Alone Lyrics,04:29,mp3lio.com,mp3lio.com,mp3lio.com,2
Drama (Feat. Big Data),03:38,NoMBe,FIFA 19 OST,Soundtrack,2
Ndakuvara,04:57,Oliver Mtukudzi,The Oliver Mtukudzi Collection - The Tuku Years,World,2
Raki,07:06,Oliver Mtukudzi,The Oliver Mtukudzi Collection - The Tuku Years,World,2
Mutserendende,06:10,Oliver Mtukudzi,Paivepo,World - African - SA,2
Yorire Ngoma,06:32,Oliver Mtukudzi,Paivepo,World - African - SA,2
Chikara,05:34,Oliver Mtukudzi,Tsimba Itsoka,World,2
Hapana Kuti Mbijana,05:10,Oliver Mtukudzi,Tsimba Itsoka,World,2
Njuga,05:28,Oliver Mtukudzi,Tsimba Itsoka,World,2
Vachakunonokera,05:15,Oliver Mtukudzi,Tsimba Itsoka,World,2
Dzoka Uyamwe,06:01,Oliver Mtukudzi,Tuku Music,World,2
Todii,06:50,Oliver Mtukudzi,Tuku Music,World,2
It Makes You Forget (Itgehane),03:56,Peggy Gou,FIFA 19 OST,Soundtrack,2
The Ever,04:11,Red,Of Beauty And Rage,Alternative,2
Fight To Forget,03:28,Red,Of Beauty And Rage,Alternative,2
Gravity Lies,04:34,Red,Of Beauty And Rage,Alternative,2
Of These Chains,03:53,Red,Of Beauty And Rage,Alternative,2
Take Me Over,03:51,Red,Of Beauty And Rage,Alternative,2
Lie to Me (Denial),04:15,Red,Until We Have Faces,Rock,2
Buried Beneath,03:47,Red,Until We Have Faces,Rock,2
Not Alone,04:08,Red,Until We Have Faces,Rock,2
Watch You Crawl,03:42,Red,Until We Have Faces,Rock,2
Chasing Your Echo,03:37,"Red, Red",Gone (Deluxe Edition),Rock,2
Gone (JSapp Remix),03:21,"Red, Red",Gone (Deluxe Edition),Rock,2
Awake And Alive,03:32,Skillet,Awake (Deluxe Edition),Alternative Rock / Christian Rock,2
One Day Too Late,03:40,Skillet,Awake (Deluxe Edition),Alternative Rock / Christian Rock,2
Rebirthing,03:53,Skillet,Comatose,Alternative Rock / Christian Rock,2
Better Than Drugs,03:58,Skillet,Comatose,Alternative Rock / Christian Rock,2
Say Goodbye,04:17,Skillet,Comatose,Alternative Rock / Christian Rock,2
Whispers In The Dark,03:24,Skillet,Comatose,Alternative Rock / Christian Rock,2
Good To Be Alive,05:00,Skillet,Rise (Deluxe Edition),Alternative Rock / Christian Rock,2
Burn It Down,03:17,Skillet,Unleashed Beyond (Special Edition),Alternative Rock / Christian Rock,2
Saviors Of The World,03:46,Skillet,Unleashed Beyond (Special Edition),Alternative Rock / Christian Rock,2
Where No One Knows Your Name,04:01,Stereo Honey,FIFA 19 OST,Soundtrack,2
Your Side Of The World,04:25,Steven Curtis Chapman,All About Love,Gospel & Religious,2
11/06/1964,03:07,Steven Curtis Chapman,All About Love,Gospel & Religious,2
Holding A Mystery,04:22,Steven Curtis Chapman,All About Love,Gospel & Religious,2
10 Adding To The Noise,02:51,Switchfoot,The Beautiful Letdown,Rock,2
01 - Dare You To Move,04:07,Switchfoot,The Best Yet,Rock,2
03 - Stars,04:21,Switchfoot,The Best Yet,Rock,2
05 - This Is Home,03:54,Switchfoot,The Best Yet,Rock,2
12 - Love Is The Movement,05:13,Switchfoot,The Best Yet,Rock,2
13 - Company Car,03:14,Switchfoot,The Best Yet,Rock,2
14 - Lonely Nation,03:47,Switchfoot,The Best Yet,Rock,2
Love Alone Is Worth The Fight,04:34,Switchfoot,Fading West,Alternative Rock / Christian Rock,2
Say It Like You Mean It,03:53,Switchfoot,Fading West,Alternative Rock / Christian Rock,2
Let It Out,03:19,Switchfoot,Fading West,Alternative Rock / Christian Rock,2
Enough To Let Me Go,03:53,Switchfoot,Hello Hurricane,Alternative & Punk,2
02 Learning to Breathe,04:36,Switchfoot,Learning to Breathe,Rock,2
07 Playing for Keeps,03:44,Switchfoot,Learning to Breathe,Rock,2
08 The Loser,03:40,Switchfoot,Learning to Breathe,Rock,2
Joy Invincible,03:43,Switchfoot,NATIVE TONGUE,Alternative Rock,2
We're Gonna Be Alright,02:55,Switchfoot,NATIVE TONGUE,Alternative Rock,2
Something More (Augustine's Confession),04:00,Switchfoot,New Way to Be Human,Alternative,2
Setting Sun,04:25,Switchfoot,Nothing Is Sound,Alternative,2
Fatal Wound,02:44,Switchfoot,Nothing Is Sound,Alternative,2
American Dream,03:09,Switchfoot,Oh! Gravity.,Post-Grunge Alternative Rock,2
Circles,04:07,Switchfoot,Oh! Gravity.,Post-Grunge Alternative Rock,2
"Faust, Midas, And Myself",03:51,Switchfoot,Oh! Gravity.,Post-Grunge Alternative Rock,2
Yesterdays,04:05,Switchfoot,Oh! Gravity.,Post-Grunge Alternative Rock,2
Let Your Love Be Strong,03:48,Switchfoot,Oh! Gravity.,Post-Grunge Alternative Rock,2
Against the Voices,04:18,Switchfoot,The Edge Of The Earth,Alternative,2
Liberty,04:05,Switchfoot,The Edge Of The Earth,Alternative,2
Restless,05:18,Switchfoot,Vice Verses,Alternative,2
The Day That I Found God,04:18,Switchfoot,Where the Light Shines Through,Alternative Rock/Christian Rock,2
Shake This Feeling,03:38,Switchfoot,Where the Light Shines Through,Alternative Rock/Christian Rock,2
Hope Is the Anthem,04:23,Switchfoot,Where the Light Shines Through,Alternative Rock/Christian Rock,2
Light and Heavy,03:33,Switchfoot,Where the Light Shines Through,Alternative Rock/Christian Rock,2
When Was the Last Time,03:20,Switchfoot,Where the Light Shines Through,Alternative Rock/Christian Rock,2
You (2018 - Live in Studio) - SWITCHFOOT,04:31,Switchfoot,You (2018 - Live in Studio) - SWITCHFOOT,Music,2
What You Deserve,04:01,Theory of a Deadman,Theory of a Deadman,Pop,2
Taking Chances,04:28,There for Tomorrow,There for Tomorrow,Rock,2
Stranger,03:49,Thousand Foot Krutch,The Art Of Breaking,Alt. Rock,2
Go,03:47,Thousand Foot Krutch,The Art Of Breaking,Alt. Rock,2
Breathe You In,04:20,Thousand Foot Krutch,The Art Of Breaking,Alt. Rock,2
Outroduction,00:38,Thousand Foot Krutch,The End Is Where We Begin,Alternative Rock / Rapcore,2
Born Again,03:30,Thousand Foot Krutch,Exhale,,2
Born This Way,03:26,Thousand Foot Krutch,Oxygen: Inhale,Rock,2
Set Me On Fire,03:48,Thousand Foot Krutch,Oxygen: Inhale,Rock,2
Light Up,02:58,Thousand Foot Krutch,Oxygen: Inhale,Rock,2
Oxygen,03:52,Thousand Foot Krutch,Oxygen: Inhale,Rock,2
Ordinary,03:10,Thousand Foot Krutch,Phenomenon,Alt. Rock,2
Scream,03:27,Thousand Foot Krutch,Welcome To The Masquerade,Alt. Rock,2
Look Away,04:02,Thousand Foot Krutch,Welcome To The Masquerade,Alt. Rock,2
Shook,03:25,Thousand Foot Krutch,Welcome To The Masquerade (Fan Edition),Rock,2
Take It Out On Me,03:17,Thousand Foot Krutch,Welcome To The Masquerade (Fan Edition),Rock,2
28. Mystery Skulls - Paralyzed,02:06,Unknown Artist,NFS Rivals Soundstracks,Unknown Genre,2
Dixie-Chicks-Cowboy-Take-Me-Away_MdkIJm65ytM,04:47,Unknown Artist,Unknown Album,Unknown Genre,2
"Eija Nkutware RMX - Qwela ft JT, Ruyonga and T Bro",03:35,Unknown Artist,Unknown Album,Unknown Genre,2
Mama tokaaba,04:51,Unknown Artist,Unknown Album,Unknown Genre,2
"Never Give Up On Me, Josh Bates lyrics!.mp3",03:45,Unknown Artist,Unknown Album,Unknown Genre,2
Nguwe,04:35,Unknown Artist,Unknown Album,Unknown Genre,2
Okello,04:03,Unknown Artist,Unknown Album,Unknown Genre,2
Raging Fyah - Judgement Day - Audiotree Live (5 of 6) - YouTube,05:42,Unknown Artist,Unknown Album,Unknown Genre,2
09 - Kool & the Gang - Stand up and sing,04:27,Unknown Artist,Unknown Album,Unknown Genre,2
Get Up Stand Up (Unreleased Alternate Take),03:43,The Wailers,Burnin' - Deluxe Edition,Reggae,2
Get Up Stand Up (Unreleased Single Version),03:11,The Wailers,Burnin' - Deluxe Edition,Reggae,2
From the Inside out (Live) || Harrypedia.com,07:39,We Will Worship,@Africa_Spy,FacebookNAN,2
Track 13,03:59,,Unknown Album (11/17/2006 3:24:13 AM),,2
Who's Cheatin' Who,04:02,Alan Jackson,Everything I Love,Country,1
Pompeii [Kat Krazy Remix],03:38,Bastille,NFS Rivals Soundstracks,Pop,1
Blessed Assurance,04:31,Bethel Music,All I Have Needed - With Leah Mari,Contemporary,1
Pieces (Live),05:40,Bethel Music & Steffany Gretzinger,Have It All (Live),,1
Spirit Move (Live),05:06,Bethel Music & Kalley Heiligenthal,Have It All (Live),,1
Shine on Us (Live),04:33,Bethel Music & William Matthews,Have It All (Live),,1
Albion With Junior,05:45,The Bloody Beetroots,NFS Rivals Soundstracks,Electronic,1
One Love / People Get Ready,02:54,Bob Marley,Legend,General Reggae,1
Kinky Reggae,05:13,Bob Marley,"Record Plant Studios, Sausolito CA",Reggae,1
Natural Mystic,03:28,Bob Marley & The Wailers,Exodus (Deluxe Edition) Disc 1,Reggae,1
Wasted,04:34,Carrie Underwood,Some Hearts,Country,1
Some Hearts,03:48,Carrie Underwood,Some Hearts,Country,1
That's Where It Is,03:35,Carrie Underwood,Some Hearts,Country,1
Whenever You Remember,03:48,Carrie Underwood,Some Hearts,Country,1
Inside Your Heaven,03:45,Carrie Underwood,Some Hearts,Country,1
"Jesus, Friend of Sinners",05:38,Casting Crowns,Come To The Well,Gospel,1
The Well,04:55,Casting Crowns,Come To The Well,Gospel,1
Spirit Wind,05:19,Casting Crowns,Come To The Well,Gospel,1
All You've Ever Wanted,04:00,Casting Crowns,Thrive,Christian,1
Just Be Held,03:38,Casting Crowns,Thrive,Christian,1
The Very Next Thing,03:30,Casting Crowns,The Very Next Thing,Alternative Rock,1
Oh My Soul,04:15,Casting Crowns,The Very Next Thing,Alternative Rock,1
No Other Name,06:20,Casting Crowns,The Very Next Thing,Alternative Rock,1
Here I go again,04:45,Casting Crowns,Who Am I,Christian Rock,1
When We All Get to Heaven,03:04,Casting Crowns ,Glorious Day - Hymns Of Faith,Gospel,1
Nothing but the Blood,03:47,Casting Crowns ,Glorious Day - Hymns Of Faith,Gospel,1
Blessed Redeemer,04:09,Casting Crowns ,Glorious Day - Hymns Of Faith,Gospel,1
Big Bad Sound,05:11,Chronixx,Chronology,"Reggae, Pop",1
Skankin' Sweet,04:12,Chronixx,Chronology,"Reggae, Pop",1
Country Boy,04:06,Chronixx,Chronology,"Reggae, Pop",1
Smile Jamaica (Remastered),03:33,Chronixx,Chronology,"Reggae, Pop",1
Loneliness,03:52,Chronixx,Chronology,"Reggae, Pop",1
I Know Love (Bonus Track),03:53,Chronixx,Chronology,"Reggae, Pop",1
Broken Strings,03:46,The Collective UG,Broken Strings,,1
You Are God,03:24,The Collective UG,Broken Strings,,1
I Remember,05:18,The Collective UG,Broken Strings,,1
TUR,02:15,The Collective UG,Broken Strings,,1
TUR 2.1,02:39,The Collective UG,Home (Working Title),,1
Sold Out (Conference Edit),04:46,The Collective UG,Illuminate EP,,1
TUR 3.0,02:21,The Collective UG,Illuminate EP,,1
Sojourner,05:35,The Collective UG,Sojourner,,1
Secure,05:38,The Collective UG,Sold Out,,1
Culture Club - Karma Chameleon (Official Video),03:56,CultureClubVEVO,Culture Club - Karma Chameleon (Official Video),Music,1
Careless Whisper,06:10,Dave Koz,The Dance,Jazz,1
Surrender,04:43,Dave Koz,The Dance,Jazz,1
"You Are Me, I Am You",04:53,Dave Koz,The Dance,Jazz,1
The Dance,05:18,Dave Koz,The Dance,Jazz,1
I'll Be There,04:17,Dave Koz,The Dance,Jazz,1
Castle Of Dreams,05:00,Dave Koz,Dave Koz,Jazz,1
Life In The Fast Lane,04:10,Dave Koz,Greatest Hits,Jazz,1
I Can (Ft BeBe Winans),05:12,Dave Koz,Greatest Hits,Jazz,1
Lullaby For A Rainy Night,04:56,Dave Koz,Greatest Hits,Jazz,1
Love Changes Everything (Ft Brian McKnight),04:02,Dave Koz,Greatest Hits,Jazz,1
13 - What You Leave Behind,01:58,Dave Koz,Hello Tommorrow,Jazz,1
Shakin' The Shack,06:06,Dave Koz,Lucky Man,Jazz,1
You Make Me Smile,04:18,Dave Koz,Lucky Man,Jazz,1
Don't Look Any Further,05:19,Dave Koz,Lucky Man,Jazz,1
Saxman,04:25,Dave Koz,Lucky Man,Jazz,1
After Dark,06:22,Dave Koz,Lucky Man,Jazz,1
I'll Be There,04:17,Dave Koz,Masterpiece,,1
Let It Free,03:50,Dave Koz,Masterpiece,,1
Keliru,03:47,Dave Koz,Masterpiece,,1
The Dance,05:20,Dave Koz,Masterpiece,,1
I  Believe,05:34,Dave Koz,Masterpiece,,1
Love Is On The Way,04:49,Dave Koz,Masterpiece,,1
You'll Be In My Heart,04:28,Dave Koz,Masterpiece,,1
Don't Look Back,04:08,Dave Koz,Off The Beaten Path,Jazz,1
Let Me Count The Ways,04:21,Dave Koz,Off The Beaten Path,Jazz,1
Leave The Light One,04:10,Dave Koz,Off The Beaten Path,Jazz,1
My Back Porch,05:14,Dave Koz,Off The Beaten Path,Jazz,1
Rise,05:09,Dave Koz And Friends,Summer Horns,Jazz,1
Take Five,04:13,Dave Koz And Friends,Summer Horns,Jazz,1
Reasons,04:46,Dave Koz And Friends,Summer Horns,Jazz,1
Good Foot,04:15,"Dave Koz, Jeff Lorber",Collaborations: 25th Anniversary Collection,Jazz,1
(Your Love Keeps Lifting Me) Higher and Higher,04:01,"Dave Koz, Kenny Lattimore, Rick Braun",Collaborations: 25th Anniversary Collection,Jazz,1
"Demi Lovato - Let It Go (from ""Frozen"") [Official]",03:50,DemiLovatoVEVO,"Demi Lovato - Let It Go (from ""Frozen"") [Official]",Music,1
God Be Praised,04:49,Elevation Worship,For The Honor: CD1 Deluxe Edition,,1
Let Your Kingdom Reign,03:35,Elevation Worship,For The Honor: CD1 Deluxe Edition,,1
All Things New,07:00,Elevation Worship,For The Honor: CD2 Deluxe Edition,,1
The Gospel,03:37,Elevation Worship,For The Honor: CD2 Deluxe Edition,,1
Power,05:07,Elevation Worship,Hallelujah Here Below,,1
Call Upon The Lord,05:22,Elevation Worship,Here As In Heaven,,1
Shine A Light,04:17,Elevation Worship,Here As In Heaven,,1
Yahweh,06:43,Elevation Worship,Here As In Heaven,,1
First And Only,05:23,Elevation Worship,Here As In Heaven,,1
Kingdom Come,06:07,Elevation Worship,Kingdom Come,,1
Let Us Remember,01:00,Elevation Worship,Kingdom Come,,1
Mercy Reigns,04:09,Elevation Worship,Kingdom Come,,1
Your Favor,03:26,Elevation Worship,Kingdom Come,,1
You Are Enough,05:20,Elevation Worship,Kingdom Come,,1
This City Is Yours,05:27,Elevation Worship,Kingdom Come,,1
Great In Us (Live),06:42,Elevation Worship,Nothing Is Wasted,,1
We're Not Alone (Live),04:12,Elevation Worship,Nothing Is Wasted,,1
Lift Us Out (Live),04:45,Elevation Worship,Nothing Is Wasted,,1
Greater (Live),08:41,Elevation Worship,Nothing Is Wasted,,1
Nothing Is Wasted,05:32,Elevation Worship,Nothing Is Wasted,,1
The Love of Jesus (feat. Darlene Zschech),06:03,Elevation Worship,Only King Forever,,1
Great and Mighty King,05:20,Elevation Worship,Only King Forever,,1
Raised to Life,04:22,Elevation Worship,Raised to Life EP,,1
Unstoppable God,04:07,Elevation Worship,Raised to Life EP,,1
Overcome,04:02,Elevation Worship,There Is a Cloud,,1
Do It Again (Reprise),03:31,Elevation Worship,There Is a Cloud,,1
Oh Sing,04:08,Elevation Worship,There Is a Cloud,,1
Fullness (Acoustic),04:26,Elevation Worship,There Is a Cloud,,1
Jesus I Come,05:51,Elevation Worship,Wake Up The Wonder,,1
For The Lamb,07:20,Elevation Worship,Wake Up The Wonder,,1
Rat Trap,03:48,Feed Me,NFS Rivals Soundstracks,Dance,1
Twale (The Remix) I gospelcentric.net,04:49,FLO,The Worship Sessions,Christian & Gospel,1
joy.,03:54,for King & Country,Burn The Ships,,1
Burn The Ships,04:36,for King & Country,Burn The Ships,,1
Control,04:27,for King & Country,Burn The Ships,,1
Hold Her,04:04,for King & Country,Burn The Ships,,1
The Proof of Your Love,03:18,for King & Country,Crave,,1
Missing,04:17,for King & Country,Crave,,1
Pushing on a Pull Door,03:57,for King & Country,Crave,,1
01. Fine Fine Life,03:58,for King & Country,Hope Is What We CRAVE,,1
01. Angels We Have Heard On High,03:49,for King & Country,Into The Silent Night EP,,1
05 - Shoulders,05:05,for King & Country,RUN WILD. LIVE FREE. LOVE STRONG.,,1
06 - No Turning Back,04:04,for King & Country,RUN WILD. LIVE FREE. LOVE STRONG.,,1
09 - Steady,03:27,for King & Country,RUN WILD. LIVE FREE. LOVE STRONG.,,1
14 - O God Forgive Us,05:49,for King & Country,RUN WILD. LIVE FREE. LOVE STRONG.,,1
What Child Is This? (First Noel Prelude),04:14,Francesca Battistelli,Christmas,Pop,1
"O Come, O Come, Emmanuel",04:20,Francesca Battistelli,Christmas,Pop,1
You're Here,04:15,Francesca Battistelli,Christmas,Pop,1
Motion of Mercy,03:28,Francesca Battistelli,Hundred More Years (Deluxe Version),Christian & Gospel,1
Good to Know,03:27,Francesca Battistelli,Hundred More Years (Deluxe Version),Christian & Gospel,1
Hold Out for Love (Bonus Track),03:26,Francesca Battistelli,Hundred More Years (Deluxe Version),Christian & Gospel,1
If We're Honest,03:10,Francesca Battistelli,If We're Honest,"Religious, Christian, Pop",1
Giants Fall,03:14,Francesca Battistelli,If We're Honest,"Religious, Christian, Pop",1
Holy Spirit,05:03,Francesca Battistelli,If We're Honest,"Religious, Christian, Pop",1
I Am Home,03:01,Francesca Battistelli,If We're Honest,"Religious, Christian, Pop",1
Free To Be Me,03:28,Francesca Battistelli,My Paper Heart,Rock,1
My Paper Heart,03:27,Francesca Battistelli,My Paper Heart,Rock,1
Forever Love,03:52,Francesca Battistelli,My Paper Heart,Rock,1
Someday Soon,03:49,Francesca Battistelli,My Paper Heart,Rock,1
Lost Are Found,08:02,Hillsong,God Is Able,Praise & Worship,1
My Heart Is Overwhelmed,05:11,Hillsong,God Is Able,Praise & Worship,1
04 This Is Our God,05:48,Hillsong,This Is Our God,,1
07 Stronger,04:26,Hillsong,This Is Our God,,1
12 Where We Belong,05:32,Hillsong,This Is Our God,Religious,1
14 You'll Come,05:04,Hillsong,This Is Our God,Religious,1
Forever Reign,05:44,Hillsong Live,A Beautiful Exchange,,1
The Greatness Of Our God,05:50,Hillsong Live,A Beautiful Exchange,,1
Beautiful Exchange,10:43,Hillsong Live,A Beautiful Exchange,,1
Thank You,05:28,Hillsong Live,A Beautiful Exchange,,1
Forever Reign (Radio Version),04:09,Hillsong Live,A Beautiful Exchange,,1
I Surrender,05:46,Hillsong Live,Cornerstone,Gospel,1
Hope Of The World,04:09,Hillsong Live,Cornerstone,Gospel,1
Grace Abounds,05:02,Hillsong Live,Cornerstone,Gospel,1
Children Of The Light,04:38,Hillsong Live,Cornerstone,Gospel,1
I Desire Jesus,06:05,Hillsong Live,Cornerstone,Gospel,1
For Your Name,03:56,Hillsong Live,Faith + Hope + Love,Religious,1
It's Your Love,08:33,Hillsong Live,Faith + Hope + Love,Religious,1
* (An Introduction),01:32,Hillsong United,United We Stand,Religious,1
The Time Has Come,04:40,Hillsong United,United We Stand,Religious,1
From God Above,03:21,Hillsong United,United We Stand,Religious,1
**** (Selah),03:38,Hillsong United,United We Stand,Religious,1
Let There Be Light,07:32,Hillsong Worship,Let There Be Light,,1
Elohim,04:30,Hillsong Worship,Let There Be Light,,1
I Will Boast In Christ,04:52,Hillsong Worship,Let There Be Light,,1
I Will Boast In Christ (Acoust,05:16,Hillsong Worship,Let There Be Light,,1
Library in flames,06:10,Jimmy Dludlu,Afrocenric,genre,1
Freedom Song,06:58,Jimmy Dludlu,Essence Of Rythm,African Jazz,1
I'm In The Mood For Love,04:03,Kenny G,I'm In The Mood For Love : The Most Romantic Melodies Of All Time,Jazz | Smooth Jazz | Instrumental Jazz | Easy Listening | Saxophone Jazz | Nu Jazz | Jazz Pop | Latin Jazz | Bossa Nova,1
It Had To Be You,03:54,Kenny G,I'm In The Mood For Love : The Most Romantic Melodies Of All Time,Jazz | Smooth Jazz | Instrumental Jazz | Easy Listening | Saxophone Jazz | Nu Jazz | Jazz Pop | Latin Jazz | Bossa Nova,1
Fly Me To The Moon | You Make Me Feel So Young,03:32,Kenny G,I'm In The Mood For Love : The Most Romantic Melodies Of All Time,Jazz | Smooth Jazz | Instrumental Jazz | Easy Listening | Saxophone Jazz | Nu Jazz | Jazz Pop | Latin Jazz | Bossa Nova,1
Fiesta Loca,04:10,Kenny G,Rhythm & Romance,Jazz | Smooth Jazz | Instrumental Jazz | Easy Listening | Saxophone Jazz | Nu Jazz | Jazz Pop | Latin Jazz | Bossa Nova,1
Warm It Up (feat. Young Sinatra),04:00,Logic,FIFA 19 OST,Soundtrack,1
Beautiful,03:29,Mali Music,Mali Is,R&B,1
Heavy Love,03:20,Mali Music,Mali Is,R&B,1
Little Lady,03:26,Mali Music,Mali Is,R&B,1
Johnny & Donna,04:02,Mali Music,Mali Is,R&B,1
B's River,06:49,Marcus Miller,Afrodeezia,Jazz,1
Preacher's Kid (Song For William H),05:46,Marcus Miller,Afrodeezia,Jazz,1
Papa Was A Rolling Stone,06:07,Marcus Miller,Afrodeezia,Jazz,1
I Still Believe I Hear [feat. Ben Hong],07:06,Marcus Miller,Afrodeezia,Jazz,1
Son Of Macbeth,06:12,Marcus Miller,Afrodeezia,Jazz,1
Xtraordinary,06:14,Marcus Miller,Afrodeezia,Jazz,1
Preacher's Kid,07:43,"Marcus Miller, Take 6, Kirk Whalum, Alex Han, Brett Williams, Russell Gunn, Alex Bailey",Laid Black,Jazz,1
Jasmine,04:57,Milege,Essence Of Colour,Afro Jazz,1
Khuzengo,05:10,Milege,Essence Of Colour,World Music,1
Temporary Home - Carrie Underwood (w/ lyrics),04:26,mniicoleex3,Temporary Home - Carrie Underwood (w/ lyrics),Music,1
Britt Nicole-Who You Say You Are-Lyrics - (mp3evo.com),04:12,Mp3Evo.com,mp3lio.com,mp3lio.com,1
Darwin Hobbs - So Amazing - (mp3evo.com),12:04,Mp3Evo.com,mp3lio.com,mp3lio.com,1
JACI VELASQUEZ - CRYSTAL CLEAR - (mp3evo.com),03:47,Mp3Evo.com,mp3lio.com,mp3lio.com,1
Kirk Franklin - Wanna Be Happy (Official Music Video) - (mp3evo.com),04:32,Mp3Evo.com,mp3lio.com,mp3lio.com,1
WELCOME HOME (YOU) (With Lyrics)  Brian Littrell,03:10,mp3lio.com,mp3lio.com,mp3lio.com,1
Rurimi,05:06,Oliver Mtukudzi,Bvuma (Tolerance),,1
Kwawakabva,06:31,Oliver Mtukudzi,Ndega Zvangu,World,1
Ndima Ndasakura,05:34,Oliver Mtukudzi,Ndega Zvangu,World,1
Ndakuneta,03:55,Oliver Mtukudzi,Ndega Zvangu,World,1
Ninipa,05:03,Oliver Mtukudzi,Nhava,World,1
Izere Mhepo,05:16,Oliver Mtukudzi,Nhava,World,1
Hope,04:54,Oliver Mtukudzi,Nhava,World,1
Tireserereiwo,06:39,Oliver Mtukudzi,Nhava,World,1
Handiro Dambudziko,05:51,Oliver Mtukudzi,Nhava,World,1
Tiri Mubindo,06:15,Oliver Mtukudzi,Nhava,World,1
Dzidziso,06:21,Oliver Mtukudzi,Nhava,World,1
Dzoka Uyamwe,06:05,Oliver Mtukudzi,The Oliver Mtukudzi Collection - The Tuku Years,World,1
Ndagarwa Nhaka,04:53,Oliver Mtukudzi,Paivepo,World - African - SA,1
Svitsa,04:52,Oliver Mtukudzi,Paivepo,World - African - SA,1
Nhaka Sandi Bonde,05:17,Oliver Mtukudzi,Paivepo,World - African - SA,1
Shanda,07:38,Oliver Mtukudzi,Shanda [live],Shona,1
Mutavara,10:34,Oliver Mtukudzi,Shanda [live],Shona,1
Bvongodza Muto,06:14,Oliver Mtukudzi,Shanda [live],Shona,1
"Strange, Isn't It?",05:37,Oliver Mtukudzi,Shanda [live],Shona,1
Jeri,10:38,Oliver Mtukudzi,Shanda [live],Shona,1
Ndakuyambira,10:56,Oliver Mtukudzi,Shanda [live],Shona,1
Hear Me Lord,06:04,Oliver Mtukudzi,Shanda [live],Shona,1
Ungade' We?,05:27,Oliver Mtukudzi,Tsimba Itsoka,World,1
Kuipedza,05:48,Oliver Mtukudzi,Tsimba Itsoka,World,1
Masimba Mashoma,05:12,Oliver Mtukudzi,Tsimba Itsoka,World,1
Nzungu Imwe,06:37,Oliver Mtukudzi,Tsimba Itsoka,World,1
Hariputiwe (Nothing Remains a Secret Forever),05:22,Oliver Mtukudzi,Tsivo (revenge),127,1
Chara Chimwe (Many Hands Make a Light Work),04:27,Oliver Mtukudzi,Tsivo (revenge),127,1
Totutuma (We Celebrate),05:15,Oliver Mtukudzi,Tsivo (revenge),127,1
Wagona Fani (You Have Done Very Well),06:48,Oliver Mtukudzi,Tsivo (revenge),127,1
Ungamugone (You Cannot Satisfy a Person),06:15,Oliver Mtukudzi,Tsivo (revenge),127,1
Budiriro (Success),05:23,Oliver Mtukudzi,Tsivo (revenge),127,1
Pa Kasimbwi (At Kasimbwi),05:47,Oliver Mtukudzi,Tsivo (revenge),127,1
Ndima Ndapedza,06:26,Oliver Mtukudzi,Tuku Music,World,1
Magumo (How Will It All End?),05:37,Oliver Mtukudzi,Vhunze Moto,World,1
Kucheneka (Don't Kill Me),07:00,Oliver Mtukudzi,Vhunze Moto,World,1
Moto Moto (Fire Is Fire),06:57,Oliver Mtukudzi,Vhunze Moto,World,1
Tapera (We Have Been Decimated),07:31,Oliver Mtukudzi,Vhunze Moto,World,1
Blue Skies - Mp3glu.org,04:20,Point Of Grace,Dove Hits 2002,Mp3glu.org,1
Impostor,04:19,Red,Of Beauty And Rage,Alternative,1
Part That's Holding On,04:45,Red,Of Beauty And Rage,Alternative,1
Shadow And Soul,05:45,Red,Of Beauty And Rage,Alternative,1
What You Keep Alive,05:22,Red,Of Beauty And Rage,Alternative,1
Yours Again,04:50,Red,Of Beauty And Rage,Alternative,1
05 Same Disease,03:02,RED,Release The Panic,Alternative,1
10 The Moment We Come Alive,03:25,RED,Release The Panic,Alternative,1
Faceless,03:24,Red,Until We Have Faces,Rock,1
Best Is Yet to Come,04:05,Red,Until We Have Faces,Rock,1
Hymn for the Missing,05:38,Red,Until We Have Faces,Rock,1
Coming Apart,03:55,"Red, Red",Gone (Deluxe Edition),Rock,1
Gone (.grav3s Version),03:27,"Red, Red",Gone (Deluxe Edition),Rock,1
Should've When You Could've,03:31,Skillet,Awake (Deluxe Edition),Alternative Rock / Christian Rock,1
Comatose,03:51,Skillet,Comatose,Alternative Rock / Christian Rock,1
Awake And Alive (iTunes Session),03:40,Skillet,iTunes Session (EP),Alternative Rock / Christian Rock,1
The Last Night (iTunes Session),04:01,Skillet,iTunes Session (EP),Alternative Rock / Christian Rock,1
Hero (iTunes Session),03:16,Skillet,iTunes Session (EP),Alternative Rock / Christian Rock,1
Not Gonna Die,03:45,Skillet,Rise (Deluxe Edition),Alternative Rock / Christian Rock,1
Stars,03:46,Skillet,Unleashed Beyond (Special Edition),Alternative Rock / Christian Rock,1
Lions,03:25,Skillet,Unleashed Beyond (Special Edition),Alternative Rock / Christian Rock,1
Breaking Free (Feat. Lacey Sturm),03:53,Skillet,Unleashed Beyond (Special Edition),Alternative Rock / Christian Rock,1
You Get Me High,03:18,Skillet,Unleashed Beyond (Special Edition),Alternative Rock / Christian Rock,1
Echoes Of Eden,05:04,Steven Curtis Chapman,All About Love,Gospel & Religious,1
We Will Dance,04:41,Steven Curtis Chapman,All About Love,Gospel & Religious,1
We Belong Together (Tarzan And Jane),03:16,Steven Curtis Chapman,All About Love,Gospel & Religious,1
With Every Little Kiss,03:13,Steven Curtis Chapman,All About Love,Gospel & Religious,1
I'll Take Care Of You,04:24,Steven Curtis Chapman,All About Love,Gospel & Religious,1
See,04:36,Steven Curtis Chapman,Beauty Will Rise,Pop,1
Spring Is Coming,04:34,Steven Curtis Chapman,Beauty Will Rise,Pop,1
Finish What He Started,03:34,Steven Curtis Chapman,The Glorious Unfolding,Christian,1
See You In a Little While,04:24,Steven Curtis Chapman,The Glorious Unfolding,Christian,1
A Little More Time to Love,04:52,Steven Curtis Chapman,The Glorious Unfolding,Christian,1
Together,04:03,Steven Curtis Chapman,The Glorious Unfolding,Christian,1
Cinderella,04:25,Steven Curtis Chapman,This Moment,Rock,1
Yours,06:40,Steven Curtis Chapman,This Moment,Rock,1
03 More Than Fine,04:15,Switchfoot,The Beautiful Letdown,Rock,1
08 Gone,03:46,Switchfoot,The Beautiful Letdown,Rock,1
09 On Fire,04:39,Switchfoot,The Beautiful Letdown,Rock,1
04 - Oh! Gravity,02:32,Switchfoot,The Best Yet,Rock,1
10 - Only Hope,04:15,Switchfoot,The Best Yet,Rock,1
16 - Concrete Girl,05:05,Switchfoot,The Best Yet,Rock,1
Who We Are,03:24,Switchfoot,Fading West,Alternative Rock / Christian Rock,1
When We Come Alive,03:38,Switchfoot,Fading West,Alternative Rock / Christian Rock,1
All Or Nothing At All,03:48,Switchfoot,Fading West,Alternative Rock / Christian Rock,1
Saltwater Heart,04:05,Switchfoot,Fading West,Alternative Rock / Christian Rock,1
Back To The Beginning Again,04:20,Switchfoot,Fading West,Alternative Rock / Christian Rock,1
Needle And Haystack Life,03:47,Switchfoot,Hello Hurricane,Alternative & Punk,1
Your Love Is A Song,04:22,Switchfoot,Hello Hurricane,Alternative & Punk,1
Always,04:20,Switchfoot,Hello Hurricane,Alternative & Punk,1
Yet,03:54,Switchfoot,Hello Hurricane,Alternative & Punk,1
09 The Economy of Mercy,03:56,Switchfoot,Learning to Breathe,Rock,1
10 Erosion,03:23,Switchfoot,Learning to Breathe,Rock,1
11 Living Is Simple,05:19,Switchfoot,Learning to Breathe,Rock,1
Let It Happen,04:41,Switchfoot,NATIVE TONGUE,Alternative Rock,1
All I Need,03:08,Switchfoot,NATIVE TONGUE,Alternative Rock,1
Voices,02:58,Switchfoot,NATIVE TONGUE,Alternative Rock,1
Dig New Streams,03:45,Switchfoot,NATIVE TONGUE,Alternative Rock,1
Prodigal Soul,03:51,Switchfoot,NATIVE TONGUE,Alternative Rock,1
The Strength To Let Go,04:19,Switchfoot,NATIVE TONGUE,Alternative Rock,1
Oxygen,04:15,Switchfoot,NATIVE TONGUE,Alternative Rock,1
You're The One I Want,02:06,Switchfoot,NATIVE TONGUE,Alternative Rock,1
New Way to Be Human,03:36,Switchfoot,New Way to Be Human,Alternative,1
Incomplete,04:14,Switchfoot,New Way to Be Human,Alternative,1
Sooner or Later (Soren's Song),03:59,Switchfoot,New Way to Be Human,Alternative,1
Only Hope,04:13,Switchfoot,New Way to Be Human,Alternative,1
I Turn Everything Over,03:21,Switchfoot,New Way to Be Human,Alternative,1
Shadow Proves the Sunshine,05:04,Switchfoot,Nothing Is Sound,Alternative,1
Golden,03:37,Switchfoot,Nothing Is Sound,Alternative,1
Oh! Gravity,02:30,Switchfoot,Oh! Gravity.,Post-Grunge Alternative Rock,1
Amateur Lovers,04:37,Switchfoot,Oh! Gravity.,Post-Grunge Alternative Rock,1
Burn Out Bright,03:25,Switchfoot,Oh! Gravity.,Post-Grunge Alternative Rock,1
SWITCHFOOT - TAKE MY FIRE - Live From Atlanta,04:25,Switchfoot,SWITCHFOOT - TAKE MY FIRE - Live From Atlanta,Music,1
Fading West,04:19,Switchfoot,The Edge Of The Earth,Alternative,1
Skin and Bones,04:02,Switchfoot,The Edge Of The Earth,Alternative,1
What It Costs,04:05,Switchfoot,The Edge Of The Earth,Alternative,1
Slow Down My Heartbeat,04:39,Switchfoot,The Edge Of The Earth,Alternative,1
The Edge of the Earth,04:14,Switchfoot,The Edge Of The Earth,Alternative,1
The War Inside,03:39,Switchfoot,Vice Verses,Alternative,1
Souvenirs,04:15,Switchfoot,Vice Verses,Alternative,1
Rise Above It,03:33,Switchfoot,Vice Verses,Alternative,1
Begin Forever,03:59,Switchfoot,Where the Light Shines Through,Alternative Rock/Christian Rock,1
Just in Time,03:35,There for Tomorrow,A Little Faster,Pop,1
Remember When (Used to Be Used to It),03:53,There for Tomorrow,There for Tomorrow,Rock,1
Addiction and Her Name,03:08,There for Tomorrow,There for Tomorrow,Rock,1
Hand Grenade,04:13,Thousand Foot Krutch,The Art Of Breaking,Alt. Rock,1
Move,03:29,Thousand Foot Krutch,The Art Of Breaking,Alt. Rock,1
The Introduction,01:01,Thousand Foot Krutch,The End Is Where We Begin,Alternative Rock / Rapcore,1
We Are,03:18,Thousand Foot Krutch,The End Is Where We Begin,Alternative Rock / Rapcore,1
Light Up The Sky,04:00,Thousand Foot Krutch,The End Is Where We Begin,Alternative Rock / Rapcore,1
The End Is Where We Begin,03:45,Thousand Foot Krutch,The End Is Where We Begin,Alternative Rock / Rapcore,1
Let The Sparks Fly,04:06,Thousand Foot Krutch,The End Is Where We Begin,Alternative Rock / Rapcore,1
Courtesy Call,03:57,Thousand Foot Krutch,The End Is Where We Begin,Alternative Rock / Rapcore,1
Fly On The Wall,04:03,Thousand Foot Krutch,The End Is Where We Begin,Alternative Rock / Rapcore,1
Give Up the Ghost,04:20,Thousand Foot Krutch,Exhale,,1
A Different Kind of Dynamite,02:56,Thousand Foot Krutch,Exhale,,1
Push,04:17,Thousand Foot Krutch,Exhale,,1
Off the Rails,03:42,Thousand Foot Krutch,Exhale,,1
Honest,04:07,Thousand Foot Krutch,Exhale,,1
My Own Enemy,03:01,Thousand Foot Krutch,The Flame In All Of Us,Alt. Rock,1
Learn To Breathe,04:08,Thousand Foot Krutch,The Flame In All Of Us,Alt. Rock,1
Inhuman,04:06,Thousand Foot Krutch,The Flame In All Of Us,Alt. Rock,1
The Safest Place,04:08,Thousand Foot Krutch,The Flame In All Of Us,Alt. Rock,1
Untraveled Road,03:56,Thousand Foot Krutch,Oxygen: Inhale,Rock,1
I See Red,04:10,Thousand Foot Krutch,Oxygen: Inhale,Rock,1
In My Room,04:40,Thousand Foot Krutch,Oxygen: Inhale,Rock,1
Glow,03:21,Thousand Foot Krutch,Oxygen: Inhale,Rock,1
Phenomenon,02:59,Thousand Foot Krutch,Phenomenon,Alt. Rock,1
"Faith, Love and Happiness",02:55,Thousand Foot Krutch,Phenomenon,Alt. Rock,1
New Design,03:30,Thousand Foot Krutch,Phenomenon,Alt. Rock,1
Forward Motion,03:55,Thousand Foot Krutch,Welcome To The Masquerade,Alt. Rock,1
12. Flux Pavilion - Steve,04:01,Unknown Artist,NFS Rivals Soundstracks,Блюз,1
15. Gary Numan - I,04:09,Unknown Artist,NFS Rivals Soundstracks,Unknown Genre,1
16. Haezer - Troublemaker,03:35,Unknown Artist,NFS Rivals Soundstracks,Other,1
23. K.Flay feat. Danny Brown - Hail Mary,03:57,Unknown Artist,NFS Rivals Soundstracks,Unknown Genre,1
30. RDGLDGRN - Lootin' In London feat. Angel Haze,03:04,Unknown Artist,NFS Rivals Soundstracks,Unknown Genre,1
"Agwara, Milege 2010",05:57,Unknown Artist,Unknown Album,Unknown Genre,1
alternate sound mashup,02:07,Unknown Artist,Unknown Album,Unknown Genre,1
Britt Nicole - Set the wold on fire,03:36,Unknown Artist,Unknown Album,Unknown Genre,1
eI5zHq71inmq.128,05:15,Unknown Artist,Unknown Album,Unknown Genre,1
Guitar boogie,05:49,Unknown Artist,Unknown Album,Unknown Genre,1
Israel and New Breed - More Than Enough(lyrics).mp3,04:54,Unknown Artist,Unknown Album,Unknown Genre,1
Jaci Velasquez - Where I belong [good audio],04:21,Unknown Artist,Unknown Album,Unknown Genre,1
Jimmy Needham - Clear The Stage,04:55,Unknown Artist,Unknown Album,Unknown Genre,1
Justine Nabbosa - Oli Katonda,04:23,Unknown Artist,Unknown Album,Unknown Genre,1
"Nankasa zi Wuna, Milege 2010",04:28,Unknown Artist,Unknown Album,Unknown Genre,1
Set-A-Fire-Jesus-Culture-w-Lyrics_-Jzqq4B8H2Q,04:37,Unknown Artist,Unknown Album,Unknown Genre,1
Switchfoot - Afterlife (Lyric Video).mp3,03:37,Unknown Artist,Unknown Album,Unknown Genre,1
"02 - Kool & the Gang - Hi de hi, hi de do",03:59,Unknown Artist,Unknown Album,Unknown Genre,1
07 - Kool & the Gang - Get down on it,04:46,Unknown Artist,Unknown Album,Unknown Genre,1
08 - Kool & the Gang - Let's go dancing,06:37,Unknown Artist,Unknown Album,Unknown Genre,1
Musika (ft. Kwanzaa Posse),03:31,Yolanda Be Cool,FIFA 19 OST,Soundtrack,1
Little Bitty,02:39,Alan Jackson,Everything I Love,Country,
Between The Devil And Me,04:22,Alan Jackson,Everything I Love,Country,
Gonna Come Back As A Country Song,03:02,Alan Jackson,Thirty Miles West,Country,
Talk Is Cheap,03:48,Alan Jackson,Thirty Miles West,Country,
Raging Fyah - Nah Look Back - Audiotree (1 of 6),04:35,Audiotree,Raging Fyah - Nah Look Back - Audiotree (1 of 6),Music,
Tribe feat. J. Cole,03:58,Bas,FIFA 19 OST,Soundtrack,
All Creatures,03:44,Bethel Music,All I Have Needed - With Leah Mari,Contemporary,
Holy Holy Holy,04:31,Bethel Music,All I Have Needed - With Leah Mari,Contemporary,
Tis so Sweet,03:54,Bethel Music,All I Have Needed - With Leah Mari,Contemporary,
There Is a Fountain,03:47,Bethel Music,All I Have Needed - With Leah Mari,Contemporary,
I'd Rather Have Jesus,02:04,Bethel Music,All I Have Needed - With Leah Mari,Contemporary,
Nothing but the Blood,03:53,Bethel Music,All I Have Needed - With Leah Mari,Contemporary,
Be Thou My Vision,03:50,Bethel Music,All I Have Needed - With Leah Mari,Contemporary,
Pass Me Not,03:07,Bethel Music,All I Have Needed - With Leah Mari,Contemporary,
Nothing but the Blood (Light),03:21,Bethel Music,All I Have Needed - With Leah Mari,Contemporary,
Come Thou Fount,04:05,Bethel Music,All I Have Needed - With Leah Mari,Contemporary,
Turn Your Eyes Upon Jesus,02:49,Bethel Music,All I Have Needed - With Leah Mari,Contemporary,
Great Is Thy Faithfulness,04:39,Bethel Music,All I Have Needed - With Leah Mari,Contemporary,
Son of God (Live),04:50,Bethel Music & Cory Asbury,Have It All (Live),,
Thank You (Live),05:54,Bethel Music & Jonathan David Helser,Have It All (Live),,
Have It All (Live),06:30,Bethel Music & Brian Johnson,Have It All (Live),,
Ever Be (Live),05:22,Bethel Music & Kalley Heiligenthal,We Will Not Be Shaken,Inspirational,
Lion and the Lamb (Live),04:41,Bethel Music & Leeland,Have It All (Live),,
Glory to Glory (Live),05:24,Bethel Music & William Matthews,Have It All (Live),,
"Jesus, We Love You (Live)",06:55,Bethel Music & Paul McClure,We Will Not Be Shaken,Inspirational,
Waiting In Vain,04:17,Bob Marley,Legend,General Reggae,
Exodus,07:41,Bob Marley,Legend,General Reggae,
One Drop,03:52,Bob Marley,Songs Of Freedom (Disc 4),Reggae,
Jamming (long version),05:52,Bob Marley & The Wailers,Exodus (Deluxe Edition) Disc 1,Reggae,
I Shot The Sheriff,03:54,Bob Marley & The Wailers,One Love: The Very Best Of,Reggae,
Satisfy My Soul,04:33,Bob Marley and the Wailers,Kaya (Remastered),Reggae,
Just Another Birthday,04:27,Casting Crowns,Come To The Well,Gospel,
Wedding Day,04:25,Casting Crowns,Come To The Well,Gospel,
Angel,03:44,Casting Crowns,Come To The Well,Gospel,
Selassie Children,05:38,Chronixx,Chronology,"Reggae, Pop",
Black Is Beautiful,03:40,Chronixx,Chronology,"Reggae, Pop",
Majesty,03:05,Chronixx,Chronology,"Reggae, Pop",
Legend,03:57,Chronixx,Chronology,"Reggae, Pop",
Christina,05:05,Chronixx,Chronology,"Reggae, Pop",
Stronger,03:48,The Collective UG,Broken Strings,,
A Heart That's Yours,05:16,The Collective UG,Broken Strings,,
Forever Friend (ft. Ruyonga),04:11,The Collective UG,Home (Working Title),,
Home,02:59,The Collective UG,Home (Working Title),,
All Of The World,04:26,The Collective UG,Home (Working Title),,
Illuminate,03:11,The Collective UG,Illuminate EP,,
Turn My Life Around,03:39,The Collective UG,Illuminate EP,,
In & Out,04:20,The Collective UG,In & Out,,
Amen,05:18,The Collective UG,In & Out,,
TUR 2.2,02:18,The Collective UG,In & Out,,
Where Shall I Go,03:29,The Collective UG,Sojourner,,
To You,04:51,The Collective UG,Sojourner,,
Sold Out,04:08,The Collective UG,Sold Out,,
Can't Let You Go,04:18,Dave Koz,The Dance,Jazz,
The Bright Side,04:43,Dave Koz,The Dance,Jazz,
Give It Up,05:53,Dave Koz,Dave Koz,Jazz,
Nothing But The Radio On 1990,04:31,Dave Koz,Dave Koz,Jazz,
Perfect Stranger,04:34,Dave Koz,Dave Koz,Jazz,
Together Again,04:13,Dave Koz,Greatest Hits,Jazz,
11 - Remember Where You Come From,04:38,Dave Koz,Hello Tommorrow,Jazz,
Faces Of The Heart,03:42,Dave Koz,Lucky Man,Jazz,
Tender Is The Night,05:56,Dave Koz,Lucky Man,Jazz,
Show Me The Way,05:22,Dave Koz,Lucky Man,Jazz,
Misty,03:20,Dave Koz,Lucky Man,Jazz,
You Make Me Smile,04:20,Dave Koz,Masterpiece,,
Careless Whisper,06:12,Dave Koz,Masterpiece,,
Isn't She A Lady,02:54,Dave Koz,Masterpiece,,
Under The Spell Of The Moon,04:50,Dave Koz,Off The Beaten Path,Jazz,
Remembrance,02:42,Dave Koz,Off The Beaten Path,Jazz,
So Very Hard To Go,04:39,Dave Koz And Friends,Summer Horns,Jazz,
All You Need Is Love,05:41,"Dave Koz, Stevie Wonder, Gloria Estefan, Bebe Winans, Maysa, Jonathan Butler, Richard Marx, Heather Headley, Johnny Mathis, Eri",Collaborations: 25th Anniversary Collection,Jazz,
The Lord Is My Rock / God You Lifted Me Out,05:39,Elevation Worship,For The Honor: CD1 Deluxe Edition,,
For The Honor,07:36,Elevation Worship,For The Honor: CD1 Deluxe Edition,,
The Highest,05:20,Elevation Worship,For The Honor: CD1 Deluxe Edition,,
Only Love,05:30,Elevation Worship,For The Honor: CD1 Deluxe Edition,,
We Rejoice,04:30,Elevation Worship,For The Honor: CD1 Deluxe Edition,,
Sing Forever,04:32,Elevation Worship,For The Honor: CD2 Deluxe Edition,,
You Reign Alone,05:00,Elevation Worship,For The Honor: CD2 Deluxe Edition,,
Victorious,06:38,Elevation Worship,For The Honor: CD2 Deluxe Edition,,
Give My Life To You,06:16,Elevation Worship,For The Honor: CD2 Deluxe Edition,,
Our King Has Come,03:41,Elevation Worship,For The Honor: CD2 Deluxe Edition,,
Won't Stop Now,07:05,Elevation Worship,Hallelujah Here Below,,
God of the Promise,04:08,Elevation Worship,Hallelujah Here Below,,
Hallelujah Here Below,07:03,Elevation Worship,Hallelujah Here Below,,
Echo (feat. Tauren Wells),03:57,Elevation Worship,Hallelujah Here Below,,
Mighty God (Another Hallelujah),04:51,Elevation Worship,Hallelujah Here Below,,
Then He Rose,05:23,Elevation Worship,Hallelujah Here Below,,
Faithful,05:35,Elevation Worship,Hallelujah Here Below,,
Here Comes Heaven,04:29,Elevation Worship,Hallelujah Here Below,,
Better Word,06:29,Elevation Worship,Hallelujah Here Below,,
Here As In Heaven,08:20,Elevation Worship,Here As In Heaven,,
O Come To The Altar,05:50,Elevation Worship,Here As In Heaven,,
Ressurrecting,07:47,Elevation Worship,Here As In Heaven,,
Praise Goes On,04:16,Elevation Worship,Here As In Heaven,,
Hold Onto Me,05:22,Elevation Worship,Here As In Heaven,,
For A Moment,06:31,Elevation Worship,Here As In Heaven,,
The Church,04:59,Elevation Worship,Kingdom Come,,
Awaken,04:56,Elevation Worship,Kingdom Come,,
Holy Is The One,03:57,Elevation Worship,Kingdom Come,,
Your Cross,04:12,Elevation Worship,Kingdom Come,,
You Are On Our Side,03:51,Elevation Worship,Kingdom Come,,
Give Me Faith,04:55,Elevation Worship,Kingdom Come,,
Sun Stand Still,04:15,Elevation Worship,Kingdom Come,,
We Are Forgiven,04:33,Elevation Worship,Kingdom Come,,
Be Lifted High (Live),05:18,Elevation Worship,Nothing Is Wasted,,
Let Go (Live),04:43,Elevation Worship,Nothing Is Wasted,,
Unchanging God (Live),07:53,Elevation Worship,Nothing Is Wasted,,
Nothing Is Wasted (Live),06:38,Elevation Worship,Nothing Is Wasted,,
Open Up Our Eyes (Live),04:39,Elevation Worship,Nothing Is Wasted,,
Great In Us,06:41,Elevation Worship,Nothing Is Wasted,,
Be Lifted High,05:07,Elevation Worship,Nothing Is Wasted,,
Let Go,04:53,Elevation Worship,Nothing Is Wasted,,
We're Not Alone,04:13,Elevation Worship,Nothing Is Wasted,,
I Will Trust In You,07:38,Elevation Worship,Nothing Is Wasted,,
Unchanging God,05:40,Elevation Worship,Nothing Is Wasted,,
I Have Decided,05:02,Elevation Worship,Nothing Is Wasted,,
Lift Us Out,03:54,Elevation Worship,Nothing Is Wasted,,
Open Up Our Eyes,04:09,Elevation Worship,Nothing Is Wasted,,
Give Me Faith (Bonus Track),04:16,Elevation Worship,Nothing Is Wasted,,
Grace So Glorious (Reprise),02:40,Elevation Worship,Only King Forever,,
Last Word,05:35,Elevation Worship,Only King Forever,,
I Will Sing,05:09,Elevation Worship,Only King Forever,,
Everlasting Father,06:52,Elevation Worship,Only King Forever,,
Blessed Assurance,07:19,Elevation Worship,Only King Forever,,
Unto Your Name,05:47,Elevation Worship,Only King Forever,,
There Is a Cloud,05:49,Elevation Worship,There Is a Cloud,,
He Is Lord,04:41,Elevation Worship,There Is a Cloud,,
Uncontainable Love,04:09,Elevation Worship,There Is a Cloud,,
Forever I Run,05:24,Elevation Worship,There Is a Cloud,,
None,05:51,Elevation Worship,There Is a Cloud,,
Grateful,04:07,Elevation Worship,There Is a Cloud,,
Mighty Cross,06:17,Elevation Worship,There Is a Cloud,,
Do it Again (Acoustic),04:34,Elevation Worship,There Is a Cloud,,
Yours (Glory and Praise) [Acoustic],04:56,Elevation Worship,There Is a Cloud,,
Already Won,04:04,Elevation Worship,Wake Up The Wonder,,
Ever Glorious,05:21,Elevation Worship,Wake Up The Wonder,,
Jesus Forever,05:19,Elevation Worship,Wake Up The Wonder,,
The King Is Among Us,09:06,Elevation Worship,Wake Up The Wonder,,
Standing,03:42,Elevation Worship,Wake Up The Wonder,,
Look How He Lifted Me,04:26,Elevation Worship,Wake Up The Wonder,,
Amen,03:47,for King & Country,Burn The Ships,,
"Fight On, Fighter",03:38,for King & Country,Burn The Ships,,
Never Give Up,03:46,for King & Country,Burn The Ships,,
Pioneers,05:24,for King & Country,Burn The Ships,,
Love's to Blame,04:28,for King & Country,Crave,,
Fine Fine Life,03:41,for King & Country,Crave,,
Sane,03:44,for King & Country,Crave,,
02. Light It Up,04:46,for King & Country,Hope Is What We CRAVE,,
Middle of Your Heart,04:00,for King & Country,Hope Is What We CRAVE,,
Missing,04:26,for King & Country,Hope Is What We CRAVE,,
Pushing On A Pull Door,04:01,for King & Country,Hope Is What We CRAVE,,
Crave,04:15,for King & Country,Hope Is What We CRAVE,,
09. The Proof Of Your Love (The Monologue Mix),05:04,for King & Country,Hope Is What We CRAVE,,
03. Into the Silent Night,03:19,for King & Country,Into The Silent Night EP,,
04. Little Drummer Boy,03:34,for King & Country,Into The Silent Night EP,,
07 - Without You (feat. Courtney),04:53,for King & Country,RUN WILD. LIVE FREE. LOVE STRONG.,,
10 - Already Home,04:18,for King & Country,RUN WILD. LIVE FREE. LOVE STRONG.,,
12 - Matter,03:52,for King & Country,RUN WILD. LIVE FREE. LOVE STRONG.,,
Marshmallow World,02:18,Francesca Battistelli,Christmas,Pop,
Joy To The World,02:51,Francesca Battistelli,Christmas,Pop,
Rise,06:02,Hillsong,God Is Able,Praise & Worship,
With Us,04:42,Hillsong,God Is Able,Praise & Worship,
Unending Love,06:21,Hillsong,God Is Able,Praise & Worship,
God Is Able,04:40,Hillsong,God Is Able,Praise & Worship,
The Difference,03:49,Hillsong,God Is Able,Praise & Worship,
Alive In Us,04:32,Hillsong,God Is Able,Praise & Worship,
You Are More,05:48,Hillsong,God Is Able,Praise & Worship,
Narrow Road,04:45,Hillsong,God Is Able,Praise & Worship,
Cry Of The Broken,03:56,Hillsong,God Is Able,Praise & Worship,
Go,04:24,Hillsong,God Is Able,Praise & Worship,
Awakening,06:06,Hillsong,God Is Able,Praise & Worship,
05 He Is Lord,04:54,Hillsong,This Is Our God,,
06 High and Lifted Up,04:37,Hillsong,This Is Our God,Religious,
10 You Deserve,04:37,Hillsong,This Is Our God,,
Like Incense - Sometimes By Step,07:42,Hillsong Live,A Beautiful Exchange,,
You,04:29,Hillsong Live,A Beautiful Exchange,,
Love Like Fire,06:17,Hillsong Live,A Beautiful Exchange,,
Believe,04:16,Hillsong Live,A Beautiful Exchange,,
Cornerstone,06:49,Hillsong Live,Cornerstone,Gospel,
Praise Him,04:37,Hillsong Live,Cornerstone,Gospel,
Glow,04:58,Hillsong Live,Faith + Hope + Love,Religious,
Yahweh,07:17,Hillsong Live,Faith + Hope + Love,Religious,
God One And Only,03:30,Hillsong Live,Faith + Hope + Love,Religious,
The Wonder Of Your Love,04:58,Hillsong Live,Faith + Hope + Love,Religious,
His Glory Appears,03:20,Hillsong Live,Faith + Hope + Love,Religious,
We The Redeemed,07:32,Hillsong Live,Faith + Hope + Love,Religious,
We Will See Him,06:42,Hillsong Live,Faith + Hope + Love,Religious,
You Hold Me Now,08:17,Hillsong Live,Faith + Hope + Love,Religious,
Behold (Then Sings My Soul),06:46,Hillsong Worship,Let There Be Light,,
What A Beautiful Name,05:41,Hillsong Worship,Let There Be Light,,
Your Word,07:00,Hillsong Worship,Let There Be Light,,
As It Is (In Heaven),08:40,Hillsong Worship,Let There Be Light,,
What A Beautiful Name (Acousti,04:15,Hillsong Worship,Let There Be Light,,
In Control (Acoustic),04:32,Hillsong Worship,Let There Be Light,,
Behold New Roads,19:58,Hillsong Worship/Brian Houston,Let There Be Light,,
New Recording,00:26,iPhone,Voice Memos,Voice Memo,
Snore,00:42,iPhone,Voice Memos,Voice Memo,
Winds Of Change,06:32,Jimmy Dludlu,Essence Of Rythm,African Jazz,
Up to something (Final),04:02,K!MERA,Unknown Album,Unknown Genre,
Grandpa Told Me So,04:18,Kenny Chesney,All I Need to Know,Country,
Spread The Love (feat. The Wailers with Elan),04:17,Kenny Chesney,Life on a Rock,Country,
Bossa Antigua,03:49,Kenny G,Brazilian Nights,Jazz | Smooth Jazz | Instrumental Jazz | Easy Listening | Saxophone Jazz | Nu Jazz | Jazz Pop | Latin Jazz | Bossa Nova,
Corcovado,07:31,Kenny G,Brazilian Nights,Jazz | Smooth Jazz | Instrumental Jazz | Easy Listening | Saxophone Jazz | Nu Jazz | Jazz Pop | Latin Jazz | Bossa Nova,
Bossa Real,07:37,Kenny G,Brazilian Nights,Jazz | Smooth Jazz | Instrumental Jazz | Easy Listening | Saxophone Jazz | Nu Jazz | Jazz Pop | Latin Jazz | Bossa Nova,
Brazilian Nights,06:33,Kenny G,Brazilian Nights,Jazz | Smooth Jazz | Instrumental Jazz | Easy Listening | Saxophone Jazz | Nu Jazz | Jazz Pop | Latin Jazz | Bossa Nova,
April Rain,06:48,Kenny G,Brazilian Nights,Jazz | Smooth Jazz | Instrumental Jazz | Easy Listening | Saxophone Jazz | Nu Jazz | Jazz Pop | Latin Jazz | Bossa Nova,
Menina Moca,05:58,Kenny G,Brazilian Nights,Jazz | Smooth Jazz | Instrumental Jazz | Easy Listening | Saxophone Jazz | Nu Jazz | Jazz Pop | Latin Jazz | Bossa Nova,
Bu Bossa,04:26,Kenny G,Brazilian Nights,Jazz | Smooth Jazz | Instrumental Jazz | Easy Listening | Saxophone Jazz | Nu Jazz | Jazz Pop | Latin Jazz | Bossa Nova,
Clouds,05:38,Kenny G,Brazilian Nights,Jazz | Smooth Jazz | Instrumental Jazz | Easy Listening | Saxophone Jazz | Nu Jazz | Jazz Pop | Latin Jazz | Bossa Nova,
Girl From Ipanema,05:34,Kenny G,Brazilian Nights,Jazz | Smooth Jazz | Instrumental Jazz | Easy Listening | Saxophone Jazz | Nu Jazz | Jazz Pop | Latin Jazz | Bossa Nova,
Summer Love,06:15,Kenny G,Brazilian Nights,Jazz | Smooth Jazz | Instrumental Jazz | Easy Listening | Saxophone Jazz | Nu Jazz | Jazz Pop | Latin Jazz | Bossa Nova,
Loving You,03:23,Kenny G,Brazilian Nights,Jazz | Smooth Jazz | Instrumental Jazz | Easy Listening | Saxophone Jazz | Nu Jazz | Jazz Pop | Latin Jazz | Bossa Nova,
G - Bop,04:18,Kenny G,Brazilian Nights,Jazz | Smooth Jazz | Instrumental Jazz | Easy Listening | Saxophone Jazz | Nu Jazz | Jazz Pop | Latin Jazz | Bossa Nova,
Forever In Love,05:42,Kenny G,Brazilian Nights,Jazz | Smooth Jazz | Instrumental Jazz | Easy Listening | Saxophone Jazz | Nu Jazz | Jazz Pop | Latin Jazz | Bossa Nova,
Heart And Soul,04:42,Kenny G,Brazilian Nights,Jazz | Smooth Jazz | Instrumental Jazz | Easy Listening | Saxophone Jazz | Nu Jazz | Jazz Pop | Latin Jazz | Bossa Nova,
Heart And Soul,04:35,Kenny G,Heart And Soul,Jazz | Smooth Jazz | Instrumental Jazz | Easy Listening | Saxophone Jazz | Nu Jazz | Jazz Pop | Latin Jazz | Bossa Nova,
Deja Vu,05:01,Kenny G,Heart And Soul,Jazz | Smooth Jazz | Instrumental Jazz | Easy Listening | Saxophone Jazz | Nu Jazz | Jazz Pop | Latin Jazz | Bossa Nova,
Letters From Home,03:57,Kenny G,Heart And Soul,Jazz | Smooth Jazz | Instrumental Jazz | Easy Listening | Saxophone Jazz | Nu Jazz | Jazz Pop | Latin Jazz | Bossa Nova,
The Promise,05:14,Kenny G,Heart And Soul,Jazz | Smooth Jazz | Instrumental Jazz | Easy Listening | Saxophone Jazz | Nu Jazz | Jazz Pop | Latin Jazz | Bossa Nova,
My Devotion,05:17,Kenny G,Heart And Soul,Jazz | Smooth Jazz | Instrumental Jazz | Easy Listening | Saxophone Jazz | Nu Jazz | Jazz Pop | Latin Jazz | Bossa Nova,
G - Walkin',06:10,Kenny G,Heart And Soul,Jazz | Smooth Jazz | Instrumental Jazz | Easy Listening | Saxophone Jazz | Nu Jazz | Jazz Pop | Latin Jazz | Bossa Nova,
Sunrise,05:26,Kenny G,Heart And Soul,Jazz | Smooth Jazz | Instrumental Jazz | Easy Listening | Saxophone Jazz | Nu Jazz | Jazz Pop | Latin Jazz | Bossa Nova,
One Breath,03:32,Kenny G,Heart And Soul,Jazz | Smooth Jazz | Instrumental Jazz | Easy Listening | Saxophone Jazz | Nu Jazz | Jazz Pop | Latin Jazz | Bossa Nova,
Encore,03:47,Kenny G,Heart And Soul,Jazz | Smooth Jazz | Instrumental Jazz | Easy Listening | Saxophone Jazz | Nu Jazz | Jazz Pop | Latin Jazz | Bossa Nova,
After Hours,05:21,Kenny G,Heart And Soul,Jazz | Smooth Jazz | Instrumental Jazz | Easy Listening | Saxophone Jazz | Nu Jazz | Jazz Pop | Latin Jazz | Bossa Nova,
You're Beautiful,04:14,Kenny G,I'm In The Mood For Love : The Most Romantic Melodies Of All Time,Jazz | Smooth Jazz | Instrumental Jazz | Easy Listening | Saxophone Jazz | Nu Jazz | Jazz Pop | Latin Jazz | Bossa Nova,
The Way We Were,02:52,Kenny G,I'm In The Mood For Love : The Most Romantic Melodies Of All Time,Jazz | Smooth Jazz | Instrumental Jazz | Easy Listening | Saxophone Jazz | Nu Jazz | Jazz Pop | Latin Jazz | Bossa Nova,
If,03:27,Kenny G,I'm In The Mood For Love : The Most Romantic Melodies Of All Time,Jazz | Smooth Jazz | Instrumental Jazz | Easy Listening | Saxophone Jazz | Nu Jazz | Jazz Pop | Latin Jazz | Bossa Nova,
The Way You Look Tonight,04:16,Kenny G,I'm In The Mood For Love : The Most Romantic Melodies Of All Time,Jazz | Smooth Jazz | Instrumental Jazz | Easy Listening | Saxophone Jazz | Nu Jazz | Jazz Pop | Latin Jazz | Bossa Nova,
If I Ain't Got You,04:02,Kenny G,I'm In The Mood For Love : The Most Romantic Melodies Of All Time,Jazz | Smooth Jazz | Instrumental Jazz | Easy Listening | Saxophone Jazz | Nu Jazz | Jazz Pop | Latin Jazz | Bossa Nova,
Love Theme From «Romeo & Juliet»,03:45,Kenny G,I'm In The Mood For Love : The Most Romantic Melodies Of All Time,Jazz | Smooth Jazz | Instrumental Jazz | Easy Listening | Saxophone Jazz | Nu Jazz | Jazz Pop | Latin Jazz | Bossa Nova,
The Shadow Of Your Smile,04:07,Kenny G,I'm In The Mood For Love : The Most Romantic Melodies Of All Time,Jazz | Smooth Jazz | Instrumental Jazz | Easy Listening | Saxophone Jazz | Nu Jazz | Jazz Pop | Latin Jazz | Bossa Nova,
As Time Goes By,03:34,Kenny G,I'm In The Mood For Love : The Most Romantic Melodies Of All Time,Jazz | Smooth Jazz | Instrumental Jazz | Easy Listening | Saxophone Jazz | Nu Jazz | Jazz Pop | Latin Jazz | Bossa Nova,
You Raise Me Up,03:14,Kenny G,I'm In The Mood For Love : The Most Romantic Melodies Of All Time,Jazz | Smooth Jazz | Instrumental Jazz | Easy Listening | Saxophone Jazz | Nu Jazz | Jazz Pop | Latin Jazz | Bossa Nova,
Sax - O - Loco,05:14,Kenny G,Rhythm & Romance,Jazz | Smooth Jazz | Instrumental Jazz | Easy Listening | Saxophone Jazz | Nu Jazz | Jazz Pop | Latin Jazz | Bossa Nova,
Ritmo Y Romance [Rhythm & Romance],07:11,Kenny G,Rhythm & Romance,Jazz | Smooth Jazz | Instrumental Jazz | Easy Listening | Saxophone Jazz | Nu Jazz | Jazz Pop | Latin Jazz | Bossa Nova,
Sabor A Mi,04:23,Kenny G,Rhythm & Romance,Jazz | Smooth Jazz | Instrumental Jazz | Easy Listening | Saxophone Jazz | Nu Jazz | Jazz Pop | Latin Jazz | Bossa Nova,
Brasilia,06:42,Kenny G,Rhythm & Romance,Jazz | Smooth Jazz | Instrumental Jazz | Easy Listening | Saxophone Jazz | Nu Jazz | Jazz Pop | Latin Jazz | Bossa Nova,
Besame Mucho,07:12,Kenny G,Rhythm & Romance,Jazz | Smooth Jazz | Instrumental Jazz | Easy Listening | Saxophone Jazz | Nu Jazz | Jazz Pop | Latin Jazz | Bossa Nova,
Copa De Amor,06:01,Kenny G,Rhythm & Romance,Jazz | Smooth Jazz | Instrumental Jazz | Easy Listening | Saxophone Jazz | Nu Jazz | Jazz Pop | Latin Jazz | Bossa Nova,
Es Hora De Decir,05:19,Kenny G feat Camila,Rhythm & Romance,Jazz | Smooth Jazz | Instrumental Jazz | Easy Listening | Saxophone Jazz | Nu Jazz | Jazz Pop | Latin Jazz | Bossa Nova,
No Place Like Home,03:57,Kenny G feat Kenny «Babyface» Edmunds,Heart And Soul,Jazz | Smooth Jazz | Instrumental Jazz | Easy Listening | Saxophone Jazz | Nu Jazz | Jazz Pop | Latin Jazz | Bossa Nova,
I'll Find You (feat. Tori Kelly),03:38,Lecrae,All Things Work Together,,
No Fun Alone,03:25,Mali Music,Mali Is,R&B,
Ready Aim,03:42,Mali Music,Mali Is,R&B,
Fight for You,04:06,Mali Music,Mali Is,R&B,
One,03:41,Mali Music,Mali Is,R&B,
Royalty,04:06,Mali Music,Mali Is,R&B,
I Believe,03:53,Mali Music,Mali Is,R&B,
Hylife,06:59,Marcus Miller,Afrodeezia,Jazz,
Prism (Interlude),00:30,Marcus Miller,Afrodeezia,Jazz,
Untamed,04:48,"Marcus Miller, Brett Williams, Charles Haynes, Mitch Henry, Michael ""patches"" Stewart, Kirk Whalum, Peculiar 3",Laid Black,Jazz,
No Limit,05:36,"Marcus Miller, Brett Williams, Louis Cato, Marquis Hill, Alex Han, Caleb McCampbell",Laid Black,Jazz,
Someone To Love,04:42,"Marcus Miller, Cliff Barnes, Alex Han, Adam Agati, Louis Cato",Laid Black,Jazz,
Sublimity ‘Bunny’s Dream’,06:44,"Marcus Miller, Jonathan Butler, Brett Williams, Alex Han, Louis Cato, Marquis Hill, Alex Bailey",Laid Black,Jazz,
Keep 'Em Runnin,05:19,"Marcus Miller, Julian Miller, Kirk Whalum, Michael ""patches"" Stewart, Brian Culbertson, Honey Larochelle, Louis Cato, Brett Williams, Alex Han, Marquis Hill, Richie Gajate-Garcia",Laid Black,Jazz,
Que Sera Sera,06:04,"Marcus Miller, Michael ""patches"" Stewart, Adam Agati, Alex Bailey, Alex Han, Selah Sue",Laid Black,Jazz,
7-T's,05:56,"Marcus Miller, Trombone Shorty, Alex Bailey",Laid Black,Jazz,
Matthew West - The God Who Stays (Official Music Video),03:57,MatthewWestVEVO,Matthew West - The God Who Stays (Official Music Video),Music,
I'm Coming Home,03:01,Morgan Heritage,The Best Of Morgan Heritage,Reggae,
Conqueror - Estelle (Lyrics) - (mp3evo.com),04:26,Mp3Evo.com,mp3lio.com,mp3lio.com,
Friends Are Friends Forever - Michael W. Smith - (mp3evo.com),10:36,Mp3Evo.com,mp3lio.com,mp3lio.com,
Fernando Ortega Traveler,03:57,mp3lio.com,mp3lio.com,mp3lio.com,
FLO- TWALE,10:16,mp3lio.com,mp3lio.com,mp3lio.com,
GLORIOUS RUINS - HILLSONG LIVE (Lyric Video),08:54,mp3lio.com,mp3lio.com,mp3lio.com,
Wasakara,07:29,Oliver Mtukudzi,Bvuma (Tolerance),,
Shanda ,07:35,Oliver Mtukudzi,Bvuma (Tolerance),,
Pahukama,05:47,Oliver Mtukudzi,Bvuma (Tolerance),,
Akoromoka Awa,04:47,Oliver Mtukudzi,Bvuma (Tolerance),,
Wenge Mambo,05:07,Oliver Mtukudzi,Bvuma (Tolerance),,
Raki,07:07,Oliver Mtukudzi,Bvuma (Tolerance),,
Murimi Munhu,06:16,Oliver Mtukudzi,Bvuma (Tolerance),,
Mhakure,04:29,Oliver Mtukudzi,Bvuma (Tolerance),,
Ngoromera,05:40,Oliver Mtukudzi,Bvuma (Tolerance),,
Cheka Ukama,07:11,Oliver Mtukudzi,Ndega Zvangu,World,
Mwana Wamambo,06:34,Oliver Mtukudzi,Ndega Zvangu,World,
Andinzwi,07:33,Oliver Mtukudzi,Ndega Zvangu,World,
Unodada Nei?,04:50,Oliver Mtukudzi,Ndega Zvangu,World,
Chirimundari,06:53,Oliver Mtukudzi,Ndega Zvangu,World,
Zivai Nemoyo,04:20,Oliver Mtukudzi,Ndega Zvangu,World,
Handiende,05:11,Oliver Mtukudzi,Ndega Zvangu,World,
Neria,05:01,Oliver Mtukudzi,Ndega Zvangu,World,
Pindirai,07:09,Oliver Mtukudzi,Nhava,World,
Menzva Kudzimba,05:20,Oliver Mtukudzi,Nhava,World,
Rubo Ndinarwo,05:53,Oliver Mtukudzi,Nhava,World,
Dzokai,05:10,Oliver Mtukudzi,Nhava,World,
Tozezo,06:09,Oliver Mtukudzi,Nhava,World,
Ndima Ndapedza,06:23,Oliver Mtukudzi,The Oliver Mtukudzi Collection - The Tuku Years,World,
Ngoromera,05:39,Oliver Mtukudzi,The Oliver Mtukudzi Collection - The Tuku Years,World,
Wake Up,06:11,Oliver Mtukudzi,The Oliver Mtukudzi Collection - The Tuku Years,World,
Kunze Kwadoka,05:28,Oliver Mtukudzi,The Oliver Mtukudzi Collection - The Tuku Years,World,
Shanda,07:21,Oliver Mtukudzi,The Oliver Mtukudzi Collection - The Tuku Years,World,
Neria (Live Mahube Version),04:39,Oliver Mtukudzi,The Oliver Mtukudzi Collection - The Tuku Years,World,
Hear Me Lord (Live),06:05,Oliver Mtukudzi,The Oliver Mtukudzi Collection - The Tuku Years,World,
Iwe Mukuru,05:55,Oliver Mtukudzi,Paivepo,World - African - SA,
Perekedza Mwana,05:29,Oliver Mtukudzi,Paivepo,World - African - SA,
Kumbira Muridzi,05:49,Oliver Mtukudzi,Paivepo,World - African - SA,
Chido Chenyu Here,06:17,Oliver Mtukudzi,Paivepo,World - African - SA,
Seiko,05:41,Oliver Mtukudzi,Paivepo,World - African - SA,
Zimbabwe,06:11,Oliver Mtukudzi,Shanda [live],Shona,
Gudo Guru,05:48,Oliver Mtukudzi,Shanda [live],Shona,
Zvauya Sei?,03:30,Oliver Mtukudzi,Shanda [live],Shona,
Mbiri Hurimbo,05:15,Oliver Mtukudzi,Tsimba Itsoka,World,
Kumirira Nekumirira,05:21,Oliver Mtukudzi,Tsimba Itsoka,World,
Dame Rinetapira (Words Are Sweet),04:57,Oliver Mtukudzi,Tsivo (revenge),127,
Changu Chii? (What Is It With Me?),05:08,Oliver Mtukudzi,Tsivo (revenge),127,
Pawatsiurwa (When You Are Advised),05:42,Oliver Mtukudzi,Tsivo (revenge),127,
Vanereva Nepasipo (They Exaggerate),04:32,Oliver Mtukudzi,Tsivo (revenge),127,
Unetyei? (What Are You Afraid Of?),04:32,Oliver Mtukudzi,Tsivo (revenge),127,
Tsika Dzedu,06:27,Oliver Mtukudzi,Tuku Music,World,
Mai Varamba,06:24,Oliver Mtukudzi,Tuku Music,World,
Tapindwa Nei,06:33,Oliver Mtukudzi,Tuku Music,World,
Riongere,05:54,Oliver Mtukudzi,Tuku Music,World,
Wake Up,06:09,Oliver Mtukudzi,Tuku Music,World,
Ndakuvara (I Am Hurt),04:58,Oliver Mtukudzi,Vhunze Moto,World,
Gondo (Don't Be Like An Eagle),04:56,Oliver Mtukudzi,Vhunze Moto,World,
Ziva Nguva (Remember Time),05:01,Oliver Mtukudzi,Vhunze Moto,World,
Kusekana Kwanakamba (Laughing At Each Other),04:56,Oliver Mtukudzi,Vhunze Moto,World,
Wongororo (Take Time To Analyze),07:15,Oliver Mtukudzi,Vhunze Moto,World,
Wait For Me,04:30,Rebecca St. James,WOW Hits 2002 - Gold Disc,Rock,
01 Release The Panic,03:02,RED,Release The Panic,Alternative,
02 Perfect Life,02:52,RED,Release The Panic,Alternative,
03 Die For You,02:47,RED,Release The Panic,Alternative,
04 Damage,03:42,RED,Release The Panic,Alternative,
06 Hold Me Now,04:01,RED,Release The Panic,Alternative,
07 If We Only,03:47,RED,Release The Panic,Alternative,
08 So Far Away,03:56,RED,Release The Panic,Alternative,
09 Glass House,03:33,RED,Release The Panic,Alternative,
The Mask Slips Away,04:44,"Red, Red",Gone (Deluxe Edition),Rock,
Still Alive (Looking for a Reason),03:09,"Red, Red",Gone (Deluxe Edition),Rock,
Unstoppable (Redux Version),03:54,"Red, Red",Gone (Deluxe Edition),Rock,
"Step Inside, the Violence (Alex Nice Remix)",02:49,"Red, Red",Gone (Deluxe Edition),Rock,
Coming Apart (Deconstructed),03:56,"Red, Red",Gone (Deluxe Edition),Rock,
A Kiss Under The Moonlight,04:10,"The Rippingtons, Russ Freeman, Dave Koz",Collaborations: 25th Anniversary Collection,Jazz,
(I Love You) For Sentimental Reasons,03:00,"Rod Stewart, Dave Koz",Collaborations: 25th Anniversary Collection,Jazz,
It's Not Me It's You,03:25,Skillet,Awake (Deluxe Edition),Alternative Rock / Christian Rock,
Believe,03:51,Skillet,Awake (Deluxe Edition),Alternative Rock / Christian Rock,
Forgiven,03:40,Skillet,Awake (Deluxe Edition),Alternative Rock / Christian Rock,
Sometimes,03:29,Skillet,Awake (Deluxe Edition),Alternative Rock / Christian Rock,
Never Surrender,03:31,Skillet,Awake (Deluxe Edition),Alternative Rock / Christian Rock,
Would It Matter (Bonus Track),04:12,Skillet,Awake (Deluxe Edition),Alternative Rock / Christian Rock,
Sometimes (iTunes Session),03:41,Skillet,iTunes Session (EP),Alternative Rock / Christian Rock,
Rebirthing (iTunes Session),05:04,Skillet,iTunes Session (EP),Alternative Rock / Christian Rock,
Comatose (iTunes Session),04:54,Skillet,iTunes Session (EP),Alternative Rock / Christian Rock,
Feel Invincible,03:50,Skillet,Unleashed Beyond (Special Edition),Alternative Rock / Christian Rock,
I Want To Live,03:29,Skillet,Unleashed Beyond (Special Edition),Alternative Rock / Christian Rock,
Undefeated,03:36,Skillet,Unleashed Beyond (Special Edition),Alternative Rock / Christian Rock,
Out Of Hell,03:34,Skillet,Unleashed Beyond (Special Edition),Alternative Rock / Christian Rock,
Watching For Comets,03:29,Skillet,Unleashed Beyond (Special Edition),Alternative Rock / Christian Rock,
Set It Off,03:49,Skillet,Unleashed Beyond (Special Edition),Alternative Rock / Christian Rock,
Stars (Film Version),04:06,Skillet,Unleashed Beyond (Special Edition),Alternative Rock / Christian Rock,
All About Love,03:43,Steven Curtis Chapman,All About Love,Gospel & Religious,
How Do I Love Her,04:58,Steven Curtis Chapman,All About Love,Gospel & Religious,
I'm Gonna Be (500 Miles),03:44,Steven Curtis Chapman,All About Love,Gospel & Religious,
Faithful,04:42,Steven Curtis Chapman,Beauty Will Rise,Pop,
Jesus Will Meet You There,04:13,Steven Curtis Chapman,Beauty Will Rise,Pop,
Love Take Me Over,03:01,Steven Curtis Chapman,The Glorious Unfolding,Christian,
Only One and Only You,03:36,Steven Curtis Chapman,The Glorious Unfolding,Christian,
You Are Being Loved,05:26,Steven Curtis Chapman,This Moment,Rock,
04 Ammunition,03:46,Switchfoot,The Beautiful Letdown,Rock,
06 Redemption,03:07,Switchfoot,The Beautiful Letdown,Rock,
15 - The Shadow Proves The Sunshine,05:07,Switchfoot,The Best Yet,Rock,
The World You Want,04:21,Switchfoot,Fading West,Alternative Rock / Christian Rock,
Mess Of Me,03:28,Switchfoot,Hello Hurricane,Alternative & Punk,
The Sound (John M. Perkins' Blues),03:47,Switchfoot,Hello Hurricane,Alternative & Punk,
Sing It Out,05:18,Switchfoot,Hello Hurricane,Alternative & Punk,
Red Eyes,04:50,Switchfoot,Hello Hurricane,Alternative & Punk,
Native Tongue,04:38,Switchfoot,NATIVE TONGUE,Alternative Rock,
The Hardest Art (Feat. Kaela Sinclair),04:13,Switchfoot,NATIVE TONGUE,Alternative Rock,
Amy's Song,04:30,Switchfoot,New Way to Be Human,Alternative,
Under the Floor,03:55,Switchfoot,New Way to Be Human,Alternative,
Lonely Nation,03:45,Switchfoot,Nothing Is Sound,Alternative,
Blues,05:18,Switchfoot,Nothing Is Sound,Alternative,
We Are One Tonight,04:43,Switchfoot,Nothing Is Sound,Alternative,
Dirty Second Hands,03:16,Switchfoot,Oh! Gravity.,Post-Grunge Alternative Rock,
04:12,04:12,Switchfoot,Oh! Gravity.,Post-Grunge Alternative Rock,
Thrive,05:12,Switchfoot,Vice Verses,Alternative,
If the House Burns Down Tonight,04:32,Switchfoot,Where the Light Shines Through,Alternative Rock/Christian Rock,
Bull in a China Shop,03:59,Switchfoot,Where the Light Shines Through,Alternative Rock/Christian Rock,
Live It Well,03:56,Switchfoot,Where the Light Shines Through,Alternative Rock/Christian Rock,
Looking for America,03:56,Switchfoot,Where the Light Shines Through,Alternative Rock/Christian Rock,
Wish You Away,03:41,There for Tomorrow,A Little Faster,Pop,
Backbone,02:46,There for Tomorrow,A Little Faster,Pop,
Stories,03:05,There for Tomorrow,A Little Faster,Pop,
I Can't Decide,04:51,There for Tomorrow,A Little Faster,Pop,
Burn the Night Away,03:25,There for Tomorrow,A Little Faster,Pop,
The World Calling,04:42,There for Tomorrow,A Little Faster,Pop,
Pages,03:32,There for Tomorrow,There for Tomorrow,Rock,
No More Room to Breathe,03:08,There for Tomorrow,There for Tomorrow,Rock,
Absolute,03:20,Thousand Foot Krutch,The Art Of Breaking,Alt. Rock,
Slow Bleed,03:14,Thousand Foot Krutch,The Art Of Breaking,Alt. Rock,
The Art Of Breaking,03:20,Thousand Foot Krutch,The Art Of Breaking,Alt. Rock,
Hurt,04:45,Thousand Foot Krutch,The Art Of Breaking,Alt. Rock,
Hit The Floor,03:48,Thousand Foot Krutch,The Art Of Breaking,Alt. Rock,
Make Me A Believer,02:49,Thousand Foot Krutch,The Art Of Breaking,Alt. Rock,
Be Somebody,03:43,Thousand Foot Krutch,The End Is Where We Begin,Alternative Rock / Rapcore,
This Is A Warning (Intro),00:47,Thousand Foot Krutch,The End Is Where We Begin,Alternative Rock / Rapcore,
Down,03:27,Thousand Foot Krutch,The End Is Where We Begin,Alternative Rock / Rapcore,
All I Need To Know,04:10,Thousand Foot Krutch,The End Is Where We Begin,Alternative Rock / Rapcore,
So Far Gone,04:29,Thousand Foot Krutch,The End Is Where We Begin,Alternative Rock / Rapcore,
Running With Giants,04:08,Thousand Foot Krutch,Exhale,,
Incomplete,03:25,Thousand Foot Krutch,Exhale,,
The River,03:21,Thousand Foot Krutch,Exhale,,
Adrenaline,03:20,Thousand Foot Krutch,Exhale,,
Lifeline,03:36,Thousand Foot Krutch,Exhale,,
Can't Stop This,03:54,Thousand Foot Krutch,Exhale,,
Falls Apart,03:35,Thousand Foot Krutch,The Flame In All Of Us,Alt. Rock,
New Drug,02:44,Thousand Foot Krutch,The Flame In All Of Us,Alt. Rock,
What Do We Know?,03:19,Thousand Foot Krutch,The Flame In All Of Us,Alt. Rock,
Favorite Disease,03:47,Thousand Foot Krutch,The Flame In All Of Us,Alt. Rock,
My Home,03:41,Thousand Foot Krutch,The Flame In All Of Us,Alt. Rock,
Broken Wing,03:55,Thousand Foot Krutch,The Flame In All Of Us,Alt. Rock,
Wish You Well/The Last Song,07:44,Thousand Foot Krutch,The Flame In All Of Us,Alt. Rock,
Like A Machine,03:44,Thousand Foot Krutch,Oxygen: Inhale,Rock,
Give It To Me,03:39,Thousand Foot Krutch,Oxygen: Inhale,Rock,
Step to Me,03:01,Thousand Foot Krutch,Phenomenon,Alt. Rock,
Last Words,02:48,Thousand Foot Krutch,Phenomenon,Alt. Rock,
This Is a Call,03:50,Thousand Foot Krutch,Phenomenon,Alt. Rock,
Rawkfist,03:04,Thousand Foot Krutch,Phenomenon,Alt. Rock,
I Climb,03:25,Thousand Foot Krutch,Phenomenon,Alt. Rock,
Bounce,03:07,Thousand Foot Krutch,Phenomenon,Alt. Rock,
Break the Silence,03:04,Thousand Foot Krutch,Phenomenon,Alt. Rock,
Anyone Else,03:35,Thousand Foot Krutch,Welcome To The Masquerade (Fan Edition),Rock,
Cryin' for Me (Wayman's Song),04:46,"Toby Keith, Dave Koz, Marcus Miller",Collaborations: 25th Anniversary Collection,Jazz,
Hillsong_United_One_Desire,07:07,Unknown Artist,Unknown Album,Unknown Genre,
Israel & New Breed ft. Tye Tribbett - Chasing me down,06:09,Unknown Artist,Unknown Album,Unknown Genre,
Israel Houghton - Just Wanna Say,03:48,Unknown Artist,Unknown Album,Unknown Genre,
Israel Houghton - More and more,10:56,Unknown Artist,Unknown Album,Unknown Genre,
Israel Houghton & New Breed - Rez Power - Lyrics.mp3,04:48,Unknown Artist,Unknown Album,Unknown Genre,
Mizu (pompi Ft Nathan Nyirenda) - Mp3glu.info,05:34,Unknown Artist,Unknown Album,Unknown Genre,
"New erra, Milege2010",08:00,Unknown Artist,Unknown Album,Unknown Genre,
To be like you - Hillsong - Glorious Ruins (with lyrics),06:14,Unknown Artist,Unknown Album,Unknown Genre,
What goes around,05:22,Unknown Artist,Unknown Album,Unknown Genre,
05 - Kool & the Gang - In the heart,03:53,Unknown Artist,Unknown Album,Unknown Genre,
06 - Kool & the Gang - Cherish,04:44,Unknown Artist,Unknown Album,Unknown Genre,
Get Up Stand Up,03:20,The Wailers,Burnin' - Deluxe Edition,Reggae,
Border Girl,04:01,Young Fathers,FIFA 19 OST,Soundtrack,
